Device,Algorithm,Type,Operation,Iteration,Time,MemoryKB,CPU,CommSize
Raspberry Pi,ECDH-P256,Classical,KeyGen,1,0.002740,5368,99%,
Raspberry Pi,ECDH-P256,Classical,Derivation,1,0.000275,5368,99%,
Raspberry Pi,ECDSA-P256,Classical,Sign,1,0.000592,5368,99%,
Raspberry Pi,ECDSA-P256,Classical,Verify,1,0.000032,5368,99%,
Raspberry Pi,RSA-3072,Classical,KeyGen,1,4.204965,5368,99%,
Raspberry Pi,RSA-3072,Classical,Sign,1,0.000286,5368,99%,
Raspberry Pi,RSA-3072,Classical,Verify,1,0.000401,5368,99%,
Raspberry Pi,ECDH-P256,Classical,KeyGen,2,0.002611,5372,99%,
Raspberry Pi,ECDH-P256,Classical,Derivation,2,0.000272,5372,99%,
Raspberry Pi,ECDSA-P256,Classical,Sign,2,0.000544,5372,99%,
Raspberry Pi,ECDSA-P256,Classical,Verify,2,0.000026,5372,99%,
Raspberry Pi,RSA-3072,Classical,KeyGen,2,3.088636,5372,99%,
Raspberry Pi,RSA-3072,Classical,Sign,2,0.000278,5372,99%,
Raspberry Pi,RSA-3072,Classical,Verify,2,0.000384,5372,99%,
Raspberry Pi,ECDH-P256,Classical,KeyGen,3,0.002609,5372,99%,
Raspberry Pi,ECDH-P256,Classical,Derivation,3,0.000273,5372,99%,
Raspberry Pi,ECDSA-P256,Classical,Sign,3,0.000541,5372,99%,
Raspberry Pi,ECDSA-P256,Classical,Verify,3,0.000024,5372,99%,
Raspberry Pi,RSA-3072,Classical,KeyGen,3,4.960737,5372,99%,
Raspberry Pi,RSA-3072,Classical,Sign,3,0.000283,5372,99%,
Raspberry Pi,RSA-3072,Classical,Verify,3,0.000386,5372,99%,
Raspberry Pi,ECDH-P256,Classical,KeyGen,4,0.002589,5372,99%,
Raspberry Pi,ECDH-P256,Classical,Derivation,4,0.000272,5372,99%,
Raspberry Pi,ECDSA-P256,Classical,Sign,4,0.000542,5372,99%,
Raspberry Pi,ECDSA-P256,Classical,Verify,4,0.000025,5372,99%,
Raspberry Pi,RSA-3072,Classical,KeyGen,4,4.859652,5372,99%,
Raspberry Pi,RSA-3072,Classical,Sign,4,0.000279,5372,99%,
Raspberry Pi,RSA-3072,Classical,Verify,4,0.000384,5372,99%,
Raspberry Pi,ECDH-P256,Classical,KeyGen,5,0.002531,5360,99%,
Raspberry Pi,ECDH-P256,Classical,Derivation,5,0.000272,5360,99%,
Raspberry Pi,ECDSA-P256,Classical,Sign,5,0.000731,5360,99%,
Raspberry Pi,ECDSA-P256,Classical,Verify,5,0.000027,5360,99%,
Raspberry Pi,RSA-3072,Classical,KeyGen,5,2.682817,5360,99%,
Raspberry Pi,RSA-3072,Classical,Sign,5,0.000286,5360,99%,
Raspberry Pi,RSA-3072,Classical,Verify,5,0.000386,5360,99%,
Raspberry Pi,ECDH-P256,Classical,KeyGen,6,0.002525,5372,99%,
Raspberry Pi,ECDH-P256,Classical,Derivation,6,0.000273,5372,99%,
Raspberry Pi,ECDSA-P256,Classical,Sign,6,0.000542,5372,99%,
Raspberry Pi,ECDSA-P256,Classical,Verify,6,0.000025,5372,99%,
Raspberry Pi,RSA-3072,Classical,KeyGen,6,6.722493,5372,99%,
Raspberry Pi,RSA-3072,Classical,Sign,6,0.000275,5372,99%,
Raspberry Pi,RSA-3072,Classical,Verify,6,0.000407,5372,99%,
Raspberry Pi,ECDH-P256,Classical,KeyGen,7,0.002556,5372,99%,
Raspberry Pi,ECDH-P256,Classical,Derivation,7,0.000273,5372,99%,
Raspberry Pi,ECDSA-P256,Classical,Sign,7,0.000559,5372,99%,
Raspberry Pi,ECDSA-P256,Classical,Verify,7,0.000024,5372,99%,
Raspberry Pi,RSA-3072,Classical,KeyGen,7,3.932937,5372,99%,
Raspberry Pi,RSA-3072,Classical,Sign,7,0.000284,5372,99%,
Raspberry Pi,RSA-3072,Classical,Verify,7,0.000387,5372,99%,
Raspberry Pi,ECDH-P256,Classical,KeyGen,8,0.002572,5372,99%,
Raspberry Pi,ECDH-P256,Classical,Derivation,8,0.000272,5372,99%,
Raspberry Pi,ECDSA-P256,Classical,Sign,8,0.000539,5372,99%,
Raspberry Pi,ECDSA-P256,Classical,Verify,8,0.000024,5372,99%,
Raspberry Pi,RSA-3072,Classical,KeyGen,8,3.148180,5372,99%,
Raspberry Pi,RSA-3072,Classical,Sign,8,0.000277,5372,99%,
Raspberry Pi,RSA-3072,Classical,Verify,8,0.000403,5372,99%,
Raspberry Pi,ECDH-P256,Classical,KeyGen,9,0.002574,5372,99%,
Raspberry Pi,ECDH-P256,Classical,Derivation,9,0.000273,5372,99%,
Raspberry Pi,ECDSA-P256,Classical,Sign,9,0.000535,5372,99%,
Raspberry Pi,ECDSA-P256,Classical,Verify,9,0.000025,5372,99%,
Raspberry Pi,RSA-3072,Classical,KeyGen,9,3.935624,5372,99%,
Raspberry Pi,RSA-3072,Classical,Sign,9,0.000284,5372,99%,
Raspberry Pi,RSA-3072,Classical,Verify,9,0.000387,5372,99%,
Raspberry Pi,ECDH-P256,Classical,KeyGen,10,0.002606,5372,99%,
Raspberry Pi,ECDH-P256,Classical,Derivation,10,0.000272,5372,99%,
Raspberry Pi,ECDSA-P256,Classical,Sign,10,0.000538,5372,99%,
Raspberry Pi,ECDSA-P256,Classical,Verify,10,0.000025,5372,99%,
Raspberry Pi,RSA-3072,Classical,KeyGen,10,1.395212,5372,99%,
Raspberry Pi,RSA-3072,Classical,Sign,10,0.000280,5372,99%,
Raspberry Pi,RSA-3072,Classical,Verify,10,0.000386,5372,99%,
Raspberry Pi,ECDH-P256,Classical,KeyGen,11,0.002638,5372,99%,
Raspberry Pi,ECDH-P256,Classical,Derivation,11,0.000272,5372,99%,
Raspberry Pi,ECDSA-P256,Classical,Sign,11,0.000537,5372,99%,
Raspberry Pi,ECDSA-P256,Classical,Verify,11,0.000024,5372,99%,
Raspberry Pi,RSA-3072,Classical,KeyGen,11,3.382760,5372,99%,
Raspberry Pi,RSA-3072,Classical,Sign,11,0.000281,5372,99%,
Raspberry Pi,RSA-3072,Classical,Verify,11,0.000387,5372,99%,
Raspberry Pi,ECDH-P256,Classical,KeyGen,12,0.003030,5372,99%,
Raspberry Pi,ECDH-P256,Classical,Derivation,12,0.000272,5372,99%,
Raspberry Pi,ECDSA-P256,Classical,Sign,12,0.000538,5372,99%,
Raspberry Pi,ECDSA-P256,Classical,Verify,12,0.000024,5372,99%,
Raspberry Pi,RSA-3072,Classical,KeyGen,12,2.166735,5372,99%,
Raspberry Pi,RSA-3072,Classical,Sign,12,0.000285,5372,99%,
Raspberry Pi,RSA-3072,Classical,Verify,12,0.000387,5372,99%,
Raspberry Pi,ECDH-P256,Classical,KeyGen,13,0.002545,5372,99%,
Raspberry Pi,ECDH-P256,Classical,Derivation,13,0.000272,5372,99%,
Raspberry Pi,ECDSA-P256,Classical,Sign,13,0.000734,5372,99%,
Raspberry Pi,ECDSA-P256,Classical,Verify,13,0.000027,5372,99%,
Raspberry Pi,RSA-3072,Classical,KeyGen,13,2.203960,5372,99%,
Raspberry Pi,RSA-3072,Classical,Sign,13,0.000278,5372,99%,
Raspberry Pi,RSA-3072,Classical,Verify,13,0.000385,5372,99%,
Raspberry Pi,ECDH-P256,Classical,KeyGen,14,0.002579,5372,99%,
Raspberry Pi,ECDH-P256,Classical,Derivation,14,0.000272,5372,99%,
Raspberry Pi,ECDSA-P256,Classical,Sign,14,0.000536,5372,99%,
Raspberry Pi,ECDSA-P256,Classical,Verify,14,0.000025,5372,99%,
Raspberry Pi,RSA-3072,Classical,KeyGen,14,2.849167,5372,99%,
Raspberry Pi,RSA-3072,Classical,Sign,14,0.000309,5372,99%,
Raspberry Pi,RSA-3072,Classical,Verify,14,0.000388,5372,99%,
Raspberry Pi,ECDH-P256,Classical,KeyGen,15,0.002527,5372,99%,
Raspberry Pi,ECDH-P256,Classical,Derivation,15,0.000274,5372,99%,
Raspberry Pi,ECDSA-P256,Classical,Sign,15,0.000541,5372,99%,
Raspberry Pi,ECDSA-P256,Classical,Verify,15,0.000025,5372,99%,
Raspberry Pi,RSA-3072,Classical,KeyGen,15,1.555750,5372,99%,
Raspberry Pi,RSA-3072,Classical,Sign,15,0.000276,5372,99%,
Raspberry Pi,RSA-3072,Classical,Verify,15,0.000384,5372,99%,
Raspberry Pi,ECDH-P256,Classical,KeyGen,16,0.002577,5360,99%,
Raspberry Pi,ECDH-P256,Classical,Derivation,16,0.000273,5360,99%,
Raspberry Pi,ECDSA-P256,Classical,Sign,16,0.000541,5360,99%,
Raspberry Pi,ECDSA-P256,Classical,Verify,16,0.000024,5360,99%,
Raspberry Pi,RSA-3072,Classical,KeyGen,16,7.611665,5360,99%,
Raspberry Pi,RSA-3072,Classical,Sign,16,0.000288,5360,99%,
Raspberry Pi,RSA-3072,Classical,Verify,16,0.000387,5360,99%,
Raspberry Pi,ECDH-P256,Classical,KeyGen,17,0.002741,5372,99%,
Raspberry Pi,ECDH-P256,Classical,Derivation,17,0.000273,5372,99%,
Raspberry Pi,ECDSA-P256,Classical,Sign,17,0.000538,5372,99%,
Raspberry Pi,ECDSA-P256,Classical,Verify,17,0.000025,5372,99%,
Raspberry Pi,RSA-3072,Classical,KeyGen,17,3.936901,5372,99%,
Raspberry Pi,RSA-3072,Classical,Sign,17,0.000278,5372,99%,
Raspberry Pi,RSA-3072,Classical,Verify,17,0.000384,5372,99%,
Raspberry Pi,ECDH-P256,Classical,KeyGen,18,0.002618,5372,99%,
Raspberry Pi,ECDH-P256,Classical,Derivation,18,0.000272,5372,99%,
Raspberry Pi,ECDSA-P256,Classical,Sign,18,0.000537,5372,99%,
Raspberry Pi,ECDSA-P256,Classical,Verify,18,0.000025,5372,99%,
Raspberry Pi,RSA-3072,Classical,KeyGen,18,6.333062,5372,99%,
Raspberry Pi,RSA-3072,Classical,Sign,18,0.000301,5372,99%,
Raspberry Pi,RSA-3072,Classical,Verify,18,0.000386,5372,99%,
Raspberry Pi,ECDH-P256,Classical,KeyGen,19,0.002551,5372,99%,
Raspberry Pi,ECDH-P256,Classical,Derivation,19,0.000272,5372,99%,
Raspberry Pi,ECDSA-P256,Classical,Sign,19,0.000538,5372,99%,
Raspberry Pi,ECDSA-P256,Classical,Verify,19,0.000025,5372,99%,
Raspberry Pi,RSA-3072,Classical,KeyGen,19,7.058017,5372,99%,
Raspberry Pi,RSA-3072,Classical,Sign,19,0.000280,5372,99%,
Raspberry Pi,RSA-3072,Classical,Verify,19,0.000405,5372,99%,
Raspberry Pi,ECDH-P256,Classical,KeyGen,20,0.002472,5372,99%,
Raspberry Pi,ECDH-P256,Classical,Derivation,20,0.000368,5372,99%,
Raspberry Pi,ECDSA-P256,Classical,Sign,20,0.000590,5372,99%,
Raspberry Pi,ECDSA-P256,Classical,Verify,20,0.000026,5372,99%,
Raspberry Pi,RSA-3072,Classical,KeyGen,20,4.636588,5372,99%,
Raspberry Pi,RSA-3072,Classical,Sign,20,0.000284,5372,99%,
Raspberry Pi,RSA-3072,Classical,Verify,20,0.000384,5372,99%,
Raspberry Pi,ECDH-P256,Classical,KeyGen,21,0.003079,5360,99%,
Raspberry Pi,ECDH-P256,Classical,Derivation,21,0.000273,5360,99%,
Raspberry Pi,ECDSA-P256,Classical,Sign,21,0.000545,5360,99%,
Raspberry Pi,ECDSA-P256,Classical,Verify,21,0.000025,5360,99%,
Raspberry Pi,RSA-3072,Classical,KeyGen,21,1.685971,5360,99%,
Raspberry Pi,RSA-3072,Classical,Sign,21,0.000279,5360,99%,
Raspberry Pi,RSA-3072,Classical,Verify,21,0.000386,5360,99%,
Raspberry Pi,ECDH-P256,Classical,KeyGen,22,0.002500,5372,99%,
Raspberry Pi,ECDH-P256,Classical,Derivation,22,0.000272,5372,99%,
Raspberry Pi,ECDSA-P256,Classical,Sign,22,0.000539,5372,99%,
Raspberry Pi,ECDSA-P256,Classical,Verify,22,0.000026,5372,99%,
Raspberry Pi,RSA-3072,Classical,KeyGen,22,3.952925,5372,99%,
Raspberry Pi,RSA-3072,Classical,Sign,22,0.000278,5372,99%,
Raspberry Pi,RSA-3072,Classical,Verify,22,0.000387,5372,99%,
Raspberry Pi,ECDH-P256,Classical,KeyGen,23,0.002593,5372,99%,
Raspberry Pi,ECDH-P256,Classical,Derivation,23,0.000272,5372,99%,
Raspberry Pi,ECDSA-P256,Classical,Sign,23,0.000537,5372,99%,
Raspberry Pi,ECDSA-P256,Classical,Verify,23,0.000024,5372,99%,
Raspberry Pi,RSA-3072,Classical,KeyGen,23,4.035392,5372,99%,
Raspberry Pi,RSA-3072,Classical,Sign,23,0.000289,5372,99%,
Raspberry Pi,RSA-3072,Classical,Verify,23,0.000387,5372,99%,
Raspberry Pi,ECDH-P256,Classical,KeyGen,24,0.002570,5356,99%,
Raspberry Pi,ECDH-P256,Classical,Derivation,24,0.000272,5356,99%,
Raspberry Pi,ECDSA-P256,Classical,Sign,24,0.000540,5356,99%,
Raspberry Pi,ECDSA-P256,Classical,Verify,24,0.000025,5356,99%,
Raspberry Pi,RSA-3072,Classical,KeyGen,24,4.790135,5356,99%,
Raspberry Pi,RSA-3072,Classical,Sign,24,0.000284,5356,99%,
Raspberry Pi,RSA-3072,Classical,Verify,24,0.000384,5356,99%,
Raspberry Pi,ECDH-P256,Classical,KeyGen,25,0.002612,5364,99%,
Raspberry Pi,ECDH-P256,Classical,Derivation,25,0.000272,5364,99%,
Raspberry Pi,ECDSA-P256,Classical,Sign,25,0.000538,5364,99%,
Raspberry Pi,ECDSA-P256,Classical,Verify,25,0.000026,5364,99%,
Raspberry Pi,RSA-3072,Classical,KeyGen,25,3.932877,5364,99%,
Raspberry Pi,RSA-3072,Classical,Sign,25,0.000309,5364,99%,
Raspberry Pi,RSA-3072,Classical,Verify,25,0.000388,5364,99%,
Raspberry Pi,ECDH-P256,Classical,KeyGen,26,0.002522,5364,99%,
Raspberry Pi,ECDH-P256,Classical,Derivation,26,0.000272,5364,99%,
Raspberry Pi,ECDSA-P256,Classical,Sign,26,0.000655,5364,99%,
Raspberry Pi,ECDSA-P256,Classical,Verify,26,0.000031,5364,99%,
Raspberry Pi,RSA-3072,Classical,KeyGen,26,6.299197,5364,99%,
Raspberry Pi,RSA-3072,Classical,Sign,26,0.000269,5364,99%,
Raspberry Pi,RSA-3072,Classical,Verify,26,0.000406,5364,99%,
Raspberry Pi,ECDH-P256,Classical,KeyGen,27,0.002685,5372,99%,
Raspberry Pi,ECDH-P256,Classical,Derivation,27,0.000272,5372,99%,
Raspberry Pi,ECDSA-P256,Classical,Sign,27,0.000538,5372,99%,
Raspberry Pi,ECDSA-P256,Classical,Verify,27,0.000024,5372,99%,
Raspberry Pi,RSA-3072,Classical,KeyGen,27,4.137648,5372,99%,
Raspberry Pi,RSA-3072,Classical,Sign,27,0.000278,5372,99%,
Raspberry Pi,RSA-3072,Classical,Verify,27,0.000384,5372,99%,
Raspberry Pi,ECDH-P256,Classical,KeyGen,28,0.002553,5368,99%,
Raspberry Pi,ECDH-P256,Classical,Derivation,28,0.000272,5368,99%,
Raspberry Pi,ECDSA-P256,Classical,Sign,28,0.000541,5368,99%,
Raspberry Pi,ECDSA-P256,Classical,Verify,28,0.000024,5368,99%,
Raspberry Pi,RSA-3072,Classical,KeyGen,28,2.594821,5368,99%,
Raspberry Pi,RSA-3072,Classical,Sign,28,0.000277,5368,99%,
Raspberry Pi,RSA-3072,Classical,Verify,28,0.000385,5368,99%,
Raspberry Pi,ECDH-P256,Classical,KeyGen,29,0.002563,5372,99%,
Raspberry Pi,ECDH-P256,Classical,Derivation,29,0.000272,5372,99%,
Raspberry Pi,ECDSA-P256,Classical,Sign,29,0.000536,5372,99%,
Raspberry Pi,ECDSA-P256,Classical,Verify,29,0.000025,5372,99%,
Raspberry Pi,RSA-3072,Classical,KeyGen,29,1.819020,5372,99%,
Raspberry Pi,RSA-3072,Classical,Sign,29,0.000276,5372,99%,
Raspberry Pi,RSA-3072,Classical,Verify,29,0.000385,5372,99%,
Raspberry Pi,ECDH-P256,Classical,KeyGen,30,0.002507,5372,99%,
Raspberry Pi,ECDH-P256,Classical,Derivation,30,0.000301,5372,99%,
Raspberry Pi,ECDSA-P256,Classical,Sign,30,0.000547,5372,99%,
Raspberry Pi,ECDSA-P256,Classical,Verify,30,0.000026,5372,99%,
Raspberry Pi,RSA-3072,Classical,KeyGen,30,3.430448,5372,99%,
Raspberry Pi,RSA-3072,Classical,Sign,30,0.000283,5372,99%,
Raspberry Pi,RSA-3072,Classical,Verify,30,0.000386,5372,99%,
Raspberry Pi,ECDH-P256,Classical,KeyGen,31,0.002900,5372,99%,
Raspberry Pi,ECDH-P256,Classical,Derivation,31,0.000273,5372,99%,
Raspberry Pi,ECDSA-P256,Classical,Sign,31,0.000537,5372,99%,
Raspberry Pi,ECDSA-P256,Classical,Verify,31,0.000025,5372,99%,
Raspberry Pi,RSA-3072,Classical,KeyGen,31,2.631346,5372,99%,
Raspberry Pi,RSA-3072,Classical,Sign,31,0.000279,5372,99%,
Raspberry Pi,RSA-3072,Classical,Verify,31,0.000385,5372,99%,
Raspberry Pi,ECDH-P256,Classical,KeyGen,32,0.002529,5372,99%,
Raspberry Pi,ECDH-P256,Classical,Derivation,32,0.000273,5372,99%,
Raspberry Pi,ECDSA-P256,Classical,Sign,32,0.000538,5372,99%,
Raspberry Pi,ECDSA-P256,Classical,Verify,32,0.000024,5372,99%,
Raspberry Pi,RSA-3072,Classical,KeyGen,32,2.822952,5372,99%,
Raspberry Pi,RSA-3072,Classical,Sign,32,0.000282,5372,99%,
Raspberry Pi,RSA-3072,Classical,Verify,32,0.000387,5372,99%,
Raspberry Pi,ECDH-P256,Classical,KeyGen,33,0.002533,5372,99%,
Raspberry Pi,ECDH-P256,Classical,Derivation,33,0.000274,5372,99%,
Raspberry Pi,ECDSA-P256,Classical,Sign,33,0.000549,5372,99%,
Raspberry Pi,ECDSA-P256,Classical,Verify,33,0.000025,5372,99%,
Raspberry Pi,RSA-3072,Classical,KeyGen,33,5.024501,5372,99%,
Raspberry Pi,RSA-3072,Classical,Sign,33,0.000274,5372,99%,
Raspberry Pi,RSA-3072,Classical,Verify,33,0.000396,5372,99%,
Raspberry Pi,ECDH-P256,Classical,KeyGen,34,0.002577,5356,99%,
Raspberry Pi,ECDH-P256,Classical,Derivation,34,0.000271,5356,99%,
Raspberry Pi,ECDSA-P256,Classical,Sign,34,0.000537,5356,99%,
Raspberry Pi,ECDSA-P256,Classical,Verify,34,0.000025,5356,99%,
Raspberry Pi,RSA-3072,Classical,KeyGen,34,2.030839,5356,99%,
Raspberry Pi,RSA-3072,Classical,Sign,34,0.000276,5356,99%,
Raspberry Pi,RSA-3072,Classical,Verify,34,0.000384,5356,99%,
Raspberry Pi,ECDH-P256,Classical,KeyGen,35,0.002500,5372,99%,
Raspberry Pi,ECDH-P256,Classical,Derivation,35,0.000271,5372,99%,
Raspberry Pi,ECDSA-P256,Classical,Sign,35,0.000539,5372,99%,
Raspberry Pi,ECDSA-P256,Classical,Verify,35,0.000025,5372,99%,
Raspberry Pi,RSA-3072,Classical,KeyGen,35,4.789502,5372,99%,
Raspberry Pi,RSA-3072,Classical,Sign,35,0.000305,5372,99%,
Raspberry Pi,RSA-3072,Classical,Verify,35,0.000387,5372,99%,
Raspberry Pi,ECDH-P256,Classical,KeyGen,36,0.002985,5364,99%,
Raspberry Pi,ECDH-P256,Classical,Derivation,36,0.000273,5364,99%,
Raspberry Pi,ECDSA-P256,Classical,Sign,36,0.000537,5364,99%,
Raspberry Pi,ECDSA-P256,Classical,Verify,36,0.000025,5364,99%,
Raspberry Pi,RSA-3072,Classical,KeyGen,36,3.963088,5364,99%,
Raspberry Pi,RSA-3072,Classical,Sign,36,0.000277,5364,99%,
Raspberry Pi,RSA-3072,Classical,Verify,36,0.000385,5364,99%,
Raspberry Pi,ECDH-P256,Classical,KeyGen,37,0.002595,5372,99%,
Raspberry Pi,ECDH-P256,Classical,Derivation,37,0.000272,5372,99%,
Raspberry Pi,ECDSA-P256,Classical,Sign,37,0.000540,5372,99%,
Raspberry Pi,ECDSA-P256,Classical,Verify,37,0.000026,5372,99%,
Raspberry Pi,RSA-3072,Classical,KeyGen,37,4.853730,5372,99%,
Raspberry Pi,RSA-3072,Classical,Sign,37,0.000276,5372,99%,
Raspberry Pi,RSA-3072,Classical,Verify,37,0.000385,5372,99%,
Raspberry Pi,ECDH-P256,Classical,KeyGen,38,0.003002,5372,99%,
Raspberry Pi,ECDH-P256,Classical,Derivation,38,0.000272,5372,99%,
Raspberry Pi,ECDSA-P256,Classical,Sign,38,0.000537,5372,99%,
Raspberry Pi,ECDSA-P256,Classical,Verify,38,0.000025,5372,99%,
Raspberry Pi,RSA-3072,Classical,KeyGen,38,4.183513,5372,99%,
Raspberry Pi,RSA-3072,Classical,Sign,38,0.000277,5372,99%,
Raspberry Pi,RSA-3072,Classical,Verify,38,0.000383,5372,99%,
Raspberry Pi,ECDH-P256,Classical,KeyGen,39,0.002527,5372,99%,
Raspberry Pi,ECDH-P256,Classical,Derivation,39,0.000273,5372,99%,
Raspberry Pi,ECDSA-P256,Classical,Sign,39,0.000543,5372,99%,
Raspberry Pi,ECDSA-P256,Classical,Verify,39,0.000025,5372,99%,
Raspberry Pi,RSA-3072,Classical,KeyGen,39,3.407889,5372,99%,
Raspberry Pi,RSA-3072,Classical,Sign,39,0.000272,5372,99%,
Raspberry Pi,RSA-3072,Classical,Verify,39,0.000384,5372,99%,
Raspberry Pi,ECDH-P256,Classical,KeyGen,40,0.002490,5360,99%,
Raspberry Pi,ECDH-P256,Classical,Derivation,40,0.000273,5360,99%,
Raspberry Pi,ECDSA-P256,Classical,Sign,40,0.000622,5360,99%,
Raspberry Pi,ECDSA-P256,Classical,Verify,40,0.000036,5360,99%,
Raspberry Pi,RSA-3072,Classical,KeyGen,40,9.338864,5360,99%,
Raspberry Pi,RSA-3072,Classical,Sign,40,0.000294,5360,99%,
Raspberry Pi,RSA-3072,Classical,Verify,40,0.000386,5360,99%,
Raspberry Pi,ECDH-P256,Classical,KeyGen,41,0.002555,5372,99%,
Raspberry Pi,ECDH-P256,Classical,Derivation,41,0.000271,5372,99%,
Raspberry Pi,ECDSA-P256,Classical,Sign,41,0.000535,5372,99%,
Raspberry Pi,ECDSA-P256,Classical,Verify,41,0.000024,5372,99%,
Raspberry Pi,RSA-3072,Classical,KeyGen,41,6.796871,5372,99%,
Raspberry Pi,RSA-3072,Classical,Sign,41,0.000273,5372,99%,
Raspberry Pi,RSA-3072,Classical,Verify,41,0.000386,5372,99%,
Raspberry Pi,ECDH-P256,Classical,KeyGen,42,0.002998,5372,99%,
Raspberry Pi,ECDH-P256,Classical,Derivation,42,0.000273,5372,99%,
Raspberry Pi,ECDSA-P256,Classical,Sign,42,0.000546,5372,99%,
Raspberry Pi,ECDSA-P256,Classical,Verify,42,0.000025,5372,99%,
Raspberry Pi,RSA-3072,Classical,KeyGen,42,4.849465,5372,99%,
Raspberry Pi,RSA-3072,Classical,Sign,42,0.000297,5372,99%,
Raspberry Pi,RSA-3072,Classical,Verify,42,0.000405,5372,99%,
Raspberry Pi,ECDH-P256,Classical,KeyGen,43,0.002563,5372,99%,
Raspberry Pi,ECDH-P256,Classical,Derivation,43,0.000272,5372,99%,
Raspberry Pi,ECDSA-P256,Classical,Sign,43,0.000583,5372,99%,
Raspberry Pi,ECDSA-P256,Classical,Verify,43,0.000025,5372,99%,
Raspberry Pi,RSA-3072,Classical,KeyGen,43,5.965438,5372,99%,
Raspberry Pi,RSA-3072,Classical,Sign,43,0.000274,5372,99%,
Raspberry Pi,RSA-3072,Classical,Verify,43,0.000385,5372,99%,
Raspberry Pi,ECDH-P256,Classical,KeyGen,44,0.002684,5372,99%,
Raspberry Pi,ECDH-P256,Classical,Derivation,44,0.000273,5372,99%,
Raspberry Pi,ECDSA-P256,Classical,Sign,44,0.000553,5372,99%,
Raspberry Pi,ECDSA-P256,Classical,Verify,44,0.000027,5372,99%,
Raspberry Pi,RSA-3072,Classical,KeyGen,44,4.059673,5372,99%,
Raspberry Pi,RSA-3072,Classical,Sign,44,0.000275,5372,99%,
Raspberry Pi,RSA-3072,Classical,Verify,44,0.000386,5372,99%,
Raspberry Pi,ECDH-P256,Classical,KeyGen,45,0.002606,5372,99%,
Raspberry Pi,ECDH-P256,Classical,Derivation,45,0.000272,5372,99%,
Raspberry Pi,ECDSA-P256,Classical,Sign,45,0.000538,5372,99%,
Raspberry Pi,ECDSA-P256,Classical,Verify,45,0.000025,5372,99%,
Raspberry Pi,RSA-3072,Classical,KeyGen,45,2.160689,5372,99%,
Raspberry Pi,RSA-3072,Classical,Sign,45,0.000280,5372,99%,
Raspberry Pi,RSA-3072,Classical,Verify,45,0.000384,5372,99%,
Raspberry Pi,ECDH-P256,Classical,KeyGen,46,0.002743,5372,99%,
Raspberry Pi,ECDH-P256,Classical,Derivation,46,0.000273,5372,99%,
Raspberry Pi,ECDSA-P256,Classical,Sign,46,0.000540,5372,99%,
Raspberry Pi,ECDSA-P256,Classical,Verify,46,0.000024,5372,99%,
Raspberry Pi,RSA-3072,Classical,KeyGen,46,9.708098,5372,99%,
Raspberry Pi,RSA-3072,Classical,Sign,46,0.000273,5372,99%,
Raspberry Pi,RSA-3072,Classical,Verify,46,0.000403,5372,99%,
Raspberry Pi,ECDH-P256,Classical,KeyGen,47,0.002530,5372,99%,
Raspberry Pi,ECDH-P256,Classical,Derivation,47,0.000273,5372,99%,
Raspberry Pi,ECDSA-P256,Classical,Sign,47,0.000543,5372,99%,
Raspberry Pi,ECDSA-P256,Classical,Verify,47,0.000025,5372,99%,
Raspberry Pi,RSA-3072,Classical,KeyGen,47,4.508659,5372,99%,
Raspberry Pi,RSA-3072,Classical,Sign,47,0.000279,5372,99%,
Raspberry Pi,RSA-3072,Classical,Verify,47,0.000383,5372,99%,
Raspberry Pi,ECDH-P256,Classical,KeyGen,48,0.002965,5368,99%,
Raspberry Pi,ECDH-P256,Classical,Derivation,48,0.000272,5368,99%,
Raspberry Pi,ECDSA-P256,Classical,Sign,48,0.000541,5368,99%,
Raspberry Pi,ECDSA-P256,Classical,Verify,48,0.000025,5368,99%,
Raspberry Pi,RSA-3072,Classical,KeyGen,48,1.970539,5368,99%,
Raspberry Pi,RSA-3072,Classical,Sign,48,0.000284,5368,99%,
Raspberry Pi,RSA-3072,Classical,Verify,48,0.000384,5368,99%,
Raspberry Pi,ECDH-P256,Classical,KeyGen,49,0.002529,5372,99%,
Raspberry Pi,ECDH-P256,Classical,Derivation,49,0.000273,5372,99%,
Raspberry Pi,ECDSA-P256,Classical,Sign,49,0.000599,5372,99%,
Raspberry Pi,ECDSA-P256,Classical,Verify,49,0.000031,5372,99%,
Raspberry Pi,RSA-3072,Classical,KeyGen,49,6.437748,5372,99%,
Raspberry Pi,RSA-3072,Classical,Sign,49,0.000272,5372,99%,
Raspberry Pi,RSA-3072,Classical,Verify,49,0.000385,5372,99%,
Raspberry Pi,ECDH-P256,Classical,KeyGen,50,0.002641,5372,99%,
Raspberry Pi,ECDH-P256,Classical,Derivation,50,0.000272,5372,99%,
Raspberry Pi,ECDSA-P256,Classical,Sign,50,0.000536,5372,99%,
Raspberry Pi,ECDSA-P256,Classical,Verify,50,0.000025,5372,99%,
Raspberry Pi,RSA-3072,Classical,KeyGen,50,7.603948,5372,99%,
Raspberry Pi,RSA-3072,Classical,Sign,50,0.000298,5372,99%,
Raspberry Pi,RSA-3072,Classical,Verify,50,0.000388,5372,99%,
Raspberry Pi,ECDH-P256,Classical,KeyGen,51,0.002571,5360,99%,
Raspberry Pi,ECDH-P256,Classical,Derivation,51,0.000273,5360,99%,
Raspberry Pi,ECDSA-P256,Classical,Sign,51,0.000539,5360,99%,
Raspberry Pi,ECDSA-P256,Classical,Verify,51,0.000025,5360,99%,
Raspberry Pi,RSA-3072,Classical,KeyGen,51,4.169318,5360,99%,
Raspberry Pi,RSA-3072,Classical,Sign,51,0.000271,5360,99%,
Raspberry Pi,RSA-3072,Classical,Verify,51,0.000401,5360,99%,
Raspberry Pi,ECDH-P256,Classical,KeyGen,52,0.002578,5368,99%,
Raspberry Pi,ECDH-P256,Classical,Derivation,52,0.000273,5368,99%,
Raspberry Pi,ECDSA-P256,Classical,Sign,52,0.000543,5368,99%,
Raspberry Pi,ECDSA-P256,Classical,Verify,52,0.000025,5368,99%,
Raspberry Pi,RSA-3072,Classical,KeyGen,52,2.933147,5368,99%,
Raspberry Pi,RSA-3072,Classical,Sign,52,0.000276,5368,99%,
Raspberry Pi,RSA-3072,Classical,Verify,52,0.000385,5368,99%,
Raspberry Pi,ECDH-P256,Classical,KeyGen,53,0.002677,5372,99%,
Raspberry Pi,ECDH-P256,Classical,Derivation,53,0.000273,5372,99%,
Raspberry Pi,ECDSA-P256,Classical,Sign,53,0.000544,5372,99%,
Raspberry Pi,ECDSA-P256,Classical,Verify,53,0.000024,5372,99%,
Raspberry Pi,RSA-3072,Classical,KeyGen,53,2.999618,5372,99%,
Raspberry Pi,RSA-3072,Classical,Sign,53,0.000282,5372,99%,
Raspberry Pi,RSA-3072,Classical,Verify,53,0.000384,5372,99%,
Raspberry Pi,ECDH-P256,Classical,KeyGen,54,0.002578,5372,99%,
Raspberry Pi,ECDH-P256,Classical,Derivation,54,0.000272,5372,99%,
Raspberry Pi,ECDSA-P256,Classical,Sign,54,0.000534,5372,99%,
Raspberry Pi,ECDSA-P256,Classical,Verify,54,0.000025,5372,99%,
Raspberry Pi,RSA-3072,Classical,KeyGen,54,3.454106,5372,99%,
Raspberry Pi,RSA-3072,Classical,Sign,54,0.000279,5372,99%,
Raspberry Pi,RSA-3072,Classical,Verify,54,0.000385,5372,99%,
Raspberry Pi,ECDH-P256,Classical,KeyGen,55,0.002525,5372,99%,
Raspberry Pi,ECDH-P256,Classical,Derivation,55,0.000272,5372,99%,
Raspberry Pi,ECDSA-P256,Classical,Sign,55,0.000757,5372,99%,
Raspberry Pi,ECDSA-P256,Classical,Verify,55,0.000028,5372,99%,
Raspberry Pi,RSA-3072,Classical,KeyGen,55,5.274103,5372,99%,
Raspberry Pi,RSA-3072,Classical,Sign,55,0.000279,5372,99%,
Raspberry Pi,RSA-3072,Classical,Verify,55,0.000384,5372,99%,
Raspberry Pi,ECDH-P256,Classical,KeyGen,56,0.002546,5360,99%,
Raspberry Pi,ECDH-P256,Classical,Derivation,56,0.000273,5360,99%,
Raspberry Pi,ECDSA-P256,Classical,Sign,56,0.000536,5360,99%,
Raspberry Pi,ECDSA-P256,Classical,Verify,56,0.000025,5360,99%,
Raspberry Pi,RSA-3072,Classical,KeyGen,56,4.438716,5360,99%,
Raspberry Pi,RSA-3072,Classical,Sign,56,0.000280,5360,99%,
Raspberry Pi,RSA-3072,Classical,Verify,56,0.000385,5360,99%,
Raspberry Pi,ECDH-P256,Classical,KeyGen,57,0.002660,5372,99%,
Raspberry Pi,ECDH-P256,Classical,Derivation,57,0.000273,5372,99%,
Raspberry Pi,ECDSA-P256,Classical,Sign,57,0.000541,5372,99%,
Raspberry Pi,ECDSA-P256,Classical,Verify,57,0.000025,5372,99%,
Raspberry Pi,RSA-3072,Classical,KeyGen,57,7.358226,5372,99%,
Raspberry Pi,RSA-3072,Classical,Sign,57,0.000301,5372,99%,
Raspberry Pi,RSA-3072,Classical,Verify,57,0.000385,5372,99%,
Raspberry Pi,ECDH-P256,Classical,KeyGen,58,0.002560,5372,99%,
Raspberry Pi,ECDH-P256,Classical,Derivation,58,0.000272,5372,99%,
Raspberry Pi,ECDSA-P256,Classical,Sign,58,0.000533,5372,99%,
Raspberry Pi,ECDSA-P256,Classical,Verify,58,0.000025,5372,99%,
Raspberry Pi,RSA-3072,Classical,KeyGen,58,3.344134,5372,99%,
Raspberry Pi,RSA-3072,Classical,Sign,58,0.000281,5372,99%,
Raspberry Pi,RSA-3072,Classical,Verify,58,0.000385,5372,99%,
Raspberry Pi,ECDH-P256,Classical,KeyGen,59,0.002554,5368,99%,
Raspberry Pi,ECDH-P256,Classical,Derivation,59,0.000272,5368,99%,
Raspberry Pi,ECDSA-P256,Classical,Sign,59,0.000539,5368,99%,
Raspberry Pi,ECDSA-P256,Classical,Verify,59,0.000025,5368,99%,
Raspberry Pi,RSA-3072,Classical,KeyGen,59,2.478503,5368,99%,
Raspberry Pi,RSA-3072,Classical,Sign,59,0.000277,5368,99%,
Raspberry Pi,RSA-3072,Classical,Verify,59,0.000386,5368,99%,
Raspberry Pi,ECDH-P256,Classical,KeyGen,60,0.002538,5372,99%,
Raspberry Pi,ECDH-P256,Classical,Derivation,60,0.000273,5372,99%,
Raspberry Pi,ECDSA-P256,Classical,Sign,60,0.000556,5372,99%,
Raspberry Pi,ECDSA-P256,Classical,Verify,60,0.000025,5372,99%,
Raspberry Pi,RSA-3072,Classical,KeyGen,60,3.937562,5372,99%,
Raspberry Pi,RSA-3072,Classical,Sign,60,0.000275,5372,99%,
Raspberry Pi,RSA-3072,Classical,Verify,60,0.000386,5372,99%,
Raspberry Pi,ECDH-P256,Classical,KeyGen,61,0.002618,5372,99%,
Raspberry Pi,ECDH-P256,Classical,Derivation,61,0.000273,5372,99%,
Raspberry Pi,ECDSA-P256,Classical,Sign,61,0.000542,5372,99%,
Raspberry Pi,ECDSA-P256,Classical,Verify,61,0.000025,5372,99%,
Raspberry Pi,RSA-3072,Classical,KeyGen,61,3.784370,5372,99%,
Raspberry Pi,RSA-3072,Classical,Sign,61,0.000276,5372,99%,
Raspberry Pi,RSA-3072,Classical,Verify,61,0.000385,5372,99%,
Raspberry Pi,ECDH-P256,Classical,KeyGen,62,0.002640,5372,99%,
Raspberry Pi,ECDH-P256,Classical,Derivation,62,0.000273,5372,99%,
Raspberry Pi,ECDSA-P256,Classical,Sign,62,0.000538,5372,99%,
Raspberry Pi,ECDSA-P256,Classical,Verify,62,0.000025,5372,99%,
Raspberry Pi,RSA-3072,Classical,KeyGen,62,5.639136,5372,99%,
Raspberry Pi,RSA-3072,Classical,Sign,62,0.000294,5372,99%,
Raspberry Pi,RSA-3072,Classical,Verify,62,0.000387,5372,99%,
Raspberry Pi,ECDH-P256,Classical,KeyGen,63,0.002541,5372,99%,
Raspberry Pi,ECDH-P256,Classical,Derivation,63,0.000274,5372,99%,
Raspberry Pi,ECDSA-P256,Classical,Sign,63,0.000550,5372,99%,
Raspberry Pi,ECDSA-P256,Classical,Verify,63,0.000025,5372,99%,
Raspberry Pi,RSA-3072,Classical,KeyGen,63,2.386888,5372,99%,
Raspberry Pi,RSA-3072,Classical,Sign,63,0.000305,5372,99%,
Raspberry Pi,RSA-3072,Classical,Verify,63,0.000386,5372,99%,
Raspberry Pi,ECDH-P256,Classical,KeyGen,64,0.002501,5372,99%,
Raspberry Pi,ECDH-P256,Classical,Derivation,64,0.000272,5372,99%,
Raspberry Pi,ECDSA-P256,Classical,Sign,64,0.000613,5372,99%,
Raspberry Pi,ECDSA-P256,Classical,Verify,64,0.000030,5372,99%,
Raspberry Pi,RSA-3072,Classical,KeyGen,64,2.567614,5372,99%,
Raspberry Pi,RSA-3072,Classical,Sign,64,0.000293,5372,99%,
Raspberry Pi,RSA-3072,Classical,Verify,64,0.000386,5372,99%,
Raspberry Pi,ECDH-P256,Classical,KeyGen,65,0.002476,5364,99%,
Raspberry Pi,ECDH-P256,Classical,Derivation,65,0.000313,5364,99%,
Raspberry Pi,ECDSA-P256,Classical,Sign,65,0.000570,5364,99%,
Raspberry Pi,ECDSA-P256,Classical,Verify,65,0.000027,5364,99%,
Raspberry Pi,RSA-3072,Classical,KeyGen,65,2.477410,5364,99%,
Raspberry Pi,RSA-3072,Classical,Sign,65,0.000280,5364,99%,
Raspberry Pi,RSA-3072,Classical,Verify,65,0.000386,5364,99%,
Raspberry Pi,ECDH-P256,Classical,KeyGen,66,0.002965,5372,99%,
Raspberry Pi,ECDH-P256,Classical,Derivation,66,0.000272,5372,99%,
Raspberry Pi,ECDSA-P256,Classical,Sign,66,0.000554,5372,99%,
Raspberry Pi,ECDSA-P256,Classical,Verify,66,0.000026,5372,99%,
Raspberry Pi,RSA-3072,Classical,KeyGen,66,3.980919,5372,99%,
Raspberry Pi,RSA-3072,Classical,Sign,66,0.000281,5372,99%,
Raspberry Pi,RSA-3072,Classical,Verify,66,0.000386,5372,99%,
Raspberry Pi,ECDH-P256,Classical,KeyGen,67,0.002512,5372,99%,
Raspberry Pi,ECDH-P256,Classical,Derivation,67,0.000273,5372,99%,
Raspberry Pi,ECDSA-P256,Classical,Sign,67,0.000554,5372,99%,
Raspberry Pi,ECDSA-P256,Classical,Verify,67,0.000026,5372,99%,
Raspberry Pi,RSA-3072,Classical,KeyGen,67,2.348489,5372,99%,
Raspberry Pi,RSA-3072,Classical,Sign,67,0.000279,5372,99%,
Raspberry Pi,RSA-3072,Classical,Verify,67,0.000383,5372,99%,
Raspberry Pi,ECDH-P256,Classical,KeyGen,68,0.002573,5356,99%,
Raspberry Pi,ECDH-P256,Classical,Derivation,68,0.000273,5356,99%,
Raspberry Pi,ECDSA-P256,Classical,Sign,68,0.000542,5356,99%,
Raspberry Pi,ECDSA-P256,Classical,Verify,68,0.000025,5356,99%,
Raspberry Pi,RSA-3072,Classical,KeyGen,68,5.232337,5356,99%,
Raspberry Pi,RSA-3072,Classical,Sign,68,0.000283,5356,99%,
Raspberry Pi,RSA-3072,Classical,Verify,68,0.000386,5356,99%,
Raspberry Pi,ECDH-P256,Classical,KeyGen,69,0.002546,5368,99%,
Raspberry Pi,ECDH-P256,Classical,Derivation,69,0.000273,5368,99%,
Raspberry Pi,ECDSA-P256,Classical,Sign,69,0.000537,5368,99%,
Raspberry Pi,ECDSA-P256,Classical,Verify,69,0.000024,5368,99%,
Raspberry Pi,RSA-3072,Classical,KeyGen,69,3.660406,5368,99%,
Raspberry Pi,RSA-3072,Classical,Sign,69,0.000294,5368,99%,
Raspberry Pi,RSA-3072,Classical,Verify,69,0.000387,5368,99%,
Raspberry Pi,ECDH-P256,Classical,KeyGen,70,0.002543,5372,99%,
Raspberry Pi,ECDH-P256,Classical,Derivation,70,0.000272,5372,99%,
Raspberry Pi,ECDSA-P256,Classical,Sign,70,0.000635,5372,99%,
Raspberry Pi,ECDSA-P256,Classical,Verify,70,0.000028,5372,99%,
Raspberry Pi,RSA-3072,Classical,KeyGen,70,2.167603,5372,99%,
Raspberry Pi,RSA-3072,Classical,Sign,70,0.000275,5372,99%,
Raspberry Pi,RSA-3072,Classical,Verify,70,0.000385,5372,99%,
Raspberry Pi,ECDH-P256,Classical,KeyGen,71,0.002557,5372,99%,
Raspberry Pi,ECDH-P256,Classical,Derivation,71,0.000272,5372,99%,
Raspberry Pi,ECDSA-P256,Classical,Sign,71,0.000537,5372,99%,
Raspberry Pi,ECDSA-P256,Classical,Verify,71,0.000024,5372,99%,
Raspberry Pi,RSA-3072,Classical,KeyGen,71,2.036536,5372,99%,
Raspberry Pi,RSA-3072,Classical,Sign,71,0.000283,5372,99%,
Raspberry Pi,RSA-3072,Classical,Verify,71,0.000385,5372,99%,
Raspberry Pi,ECDH-P256,Classical,KeyGen,72,0.002605,5356,99%,
Raspberry Pi,ECDH-P256,Classical,Derivation,72,0.000272,5356,99%,
Raspberry Pi,ECDSA-P256,Classical,Sign,72,0.000540,5356,99%,
Raspberry Pi,ECDSA-P256,Classical,Verify,72,0.000026,5356,99%,
Raspberry Pi,RSA-3072,Classical,KeyGen,72,2.088646,5356,99%,
Raspberry Pi,RSA-3072,Classical,Sign,72,0.000274,5356,99%,
Raspberry Pi,RSA-3072,Classical,Verify,72,0.000384,5356,99%,
Raspberry Pi,ECDH-P256,Classical,KeyGen,73,0.002549,5372,99%,
Raspberry Pi,ECDH-P256,Classical,Derivation,73,0.000273,5372,99%,
Raspberry Pi,ECDSA-P256,Classical,Sign,73,0.000538,5372,99%,
Raspberry Pi,ECDSA-P256,Classical,Verify,73,0.000025,5372,99%,
Raspberry Pi,RSA-3072,Classical,KeyGen,73,6.294675,5372,99%,
Raspberry Pi,RSA-3072,Classical,Sign,73,0.000272,5372,99%,
Raspberry Pi,RSA-3072,Classical,Verify,73,0.000387,5372,99%,
Raspberry Pi,ECDH-P256,Classical,KeyGen,74,0.002924,5368,99%,
Raspberry Pi,ECDH-P256,Classical,Derivation,74,0.000273,5368,99%,
Raspberry Pi,ECDSA-P256,Classical,Sign,74,0.000541,5368,99%,
Raspberry Pi,ECDSA-P256,Classical,Verify,74,0.000025,5368,99%,
Raspberry Pi,RSA-3072,Classical,KeyGen,74,3.031886,5368,99%,
Raspberry Pi,RSA-3072,Classical,Sign,74,0.000279,5368,99%,
Raspberry Pi,RSA-3072,Classical,Verify,74,0.000385,5368,99%,
Raspberry Pi,ECDH-P256,Classical,KeyGen,75,0.002901,5372,99%,
Raspberry Pi,ECDH-P256,Classical,Derivation,75,0.000273,5372,99%,
Raspberry Pi,ECDSA-P256,Classical,Sign,75,0.000546,5372,99%,
Raspberry Pi,ECDSA-P256,Classical,Verify,75,0.000024,5372,99%,
Raspberry Pi,RSA-3072,Classical,KeyGen,75,2.453145,5372,99%,
Raspberry Pi,RSA-3072,Classical,Sign,75,0.000281,5372,99%,
Raspberry Pi,RSA-3072,Classical,Verify,75,0.000386,5372,99%,
Raspberry Pi,ECDH-P256,Classical,KeyGen,76,0.002707,5360,99%,
Raspberry Pi,ECDH-P256,Classical,Derivation,76,0.000273,5360,99%,
Raspberry Pi,ECDSA-P256,Classical,Sign,76,0.000538,5360,99%,
Raspberry Pi,ECDSA-P256,Classical,Verify,76,0.000024,5360,99%,
Raspberry Pi,RSA-3072,Classical,KeyGen,76,2.413478,5360,99%,
Raspberry Pi,RSA-3072,Classical,Sign,76,0.000281,5360,99%,
Raspberry Pi,RSA-3072,Classical,Verify,76,0.000386,5360,99%,
Raspberry Pi,ECDH-P256,Classical,KeyGen,77,0.003626,5372,99%,
Raspberry Pi,ECDH-P256,Classical,Derivation,77,0.000406,5372,99%,
Raspberry Pi,ECDSA-P256,Classical,Sign,77,0.000783,5372,99%,
Raspberry Pi,ECDSA-P256,Classical,Verify,77,0.000034,5372,99%,
Raspberry Pi,RSA-3072,Classical,KeyGen,77,3.993807,5372,99%,
Raspberry Pi,RSA-3072,Classical,Sign,77,0.000264,5372,99%,
Raspberry Pi,RSA-3072,Classical,Verify,77,0.000402,5372,99%,
Raspberry Pi,ECDH-P256,Classical,KeyGen,78,0.002598,5372,99%,
Raspberry Pi,ECDH-P256,Classical,Derivation,78,0.000272,5372,99%,
Raspberry Pi,ECDSA-P256,Classical,Sign,78,0.000536,5372,99%,
Raspberry Pi,ECDSA-P256,Classical,Verify,78,0.000025,5372,99%,
Raspberry Pi,RSA-3072,Classical,KeyGen,78,5.762286,5372,99%,
Raspberry Pi,RSA-3072,Classical,Sign,78,0.000268,5372,99%,
Raspberry Pi,RSA-3072,Classical,Verify,78,0.000385,5372,99%,
Raspberry Pi,ECDH-P256,Classical,KeyGen,79,0.002501,5372,99%,
Raspberry Pi,ECDH-P256,Classical,Derivation,79,0.000273,5372,99%,
Raspberry Pi,ECDSA-P256,Classical,Sign,79,0.000579,5372,99%,
Raspberry Pi,ECDSA-P256,Classical,Verify,79,0.000025,5372,99%,
Raspberry Pi,RSA-3072,Classical,KeyGen,79,3.102734,5372,99%,
Raspberry Pi,RSA-3072,Classical,Sign,79,0.000274,5372,99%,
Raspberry Pi,RSA-3072,Classical,Verify,79,0.000384,5372,99%,
Raspberry Pi,ECDH-P256,Classical,KeyGen,80,0.002543,5372,99%,
Raspberry Pi,ECDH-P256,Classical,Derivation,80,0.000274,5372,99%,
Raspberry Pi,ECDSA-P256,Classical,Sign,80,0.000556,5372,99%,
Raspberry Pi,ECDSA-P256,Classical,Verify,80,0.000025,5372,99%,
Raspberry Pi,RSA-3072,Classical,KeyGen,80,4.071775,5372,99%,
Raspberry Pi,RSA-3072,Classical,Sign,80,0.000279,5372,99%,
Raspberry Pi,RSA-3072,Classical,Verify,80,0.000386,5372,99%,
Raspberry Pi,ECDH-P256,Classical,KeyGen,81,0.002779,5372,99%,
Raspberry Pi,ECDH-P256,Classical,Derivation,81,0.000272,5372,99%,
Raspberry Pi,ECDSA-P256,Classical,Sign,81,0.000535,5372,99%,
Raspberry Pi,ECDSA-P256,Classical,Verify,81,0.000024,5372,99%,
Raspberry Pi,RSA-3072,Classical,KeyGen,81,2.999779,5372,99%,
Raspberry Pi,RSA-3072,Classical,Sign,81,0.000274,5372,99%,
Raspberry Pi,RSA-3072,Classical,Verify,81,0.000383,5372,99%,
Raspberry Pi,ECDH-P256,Classical,KeyGen,82,0.002643,5372,99%,
Raspberry Pi,ECDH-P256,Classical,Derivation,82,0.000273,5372,99%,
Raspberry Pi,ECDSA-P256,Classical,Sign,82,0.000552,5372,99%,
Raspberry Pi,ECDSA-P256,Classical,Verify,82,0.000026,5372,99%,
Raspberry Pi,RSA-3072,Classical,KeyGen,82,2.230699,5372,99%,
Raspberry Pi,RSA-3072,Classical,Sign,82,0.000276,5372,99%,
Raspberry Pi,RSA-3072,Classical,Verify,82,0.000387,5372,99%,
Raspberry Pi,ECDH-P256,Classical,KeyGen,83,0.002638,5360,99%,
Raspberry Pi,ECDH-P256,Classical,Derivation,83,0.000274,5360,99%,
Raspberry Pi,ECDSA-P256,Classical,Sign,83,0.000549,5360,99%,
Raspberry Pi,ECDSA-P256,Classical,Verify,83,0.000026,5360,99%,
Raspberry Pi,RSA-3072,Classical,KeyGen,83,3.086965,5360,99%,
Raspberry Pi,RSA-3072,Classical,Sign,83,0.000278,5360,99%,
Raspberry Pi,RSA-3072,Classical,Verify,83,0.000386,5360,99%,
Raspberry Pi,ECDH-P256,Classical,KeyGen,84,0.002950,5372,99%,
Raspberry Pi,ECDH-P256,Classical,Derivation,84,0.000272,5372,99%,
Raspberry Pi,ECDSA-P256,Classical,Sign,84,0.000531,5372,99%,
Raspberry Pi,ECDSA-P256,Classical,Verify,84,0.000024,5372,99%,
Raspberry Pi,RSA-3072,Classical,KeyGen,84,9.093342,5372,99%,
Raspberry Pi,RSA-3072,Classical,Sign,84,0.000295,5372,99%,
Raspberry Pi,RSA-3072,Classical,Verify,84,0.000386,5372,99%,
Raspberry Pi,ECDH-P256,Classical,KeyGen,85,0.002545,5372,99%,
Raspberry Pi,ECDH-P256,Classical,Derivation,85,0.000271,5372,99%,
Raspberry Pi,ECDSA-P256,Classical,Sign,85,0.000573,5372,99%,
Raspberry Pi,ECDSA-P256,Classical,Verify,85,0.000030,5372,99%,
Raspberry Pi,RSA-3072,Classical,KeyGen,85,3.289559,5372,99%,
Raspberry Pi,RSA-3072,Classical,Sign,85,0.000273,5372,99%,
Raspberry Pi,RSA-3072,Classical,Verify,85,0.000385,5372,99%,
Raspberry Pi,ECDH-P256,Classical,KeyGen,86,0.002516,5372,99%,
Raspberry Pi,ECDH-P256,Classical,Derivation,86,0.000273,5372,99%,
Raspberry Pi,ECDSA-P256,Classical,Sign,86,0.000540,5372,99%,
Raspberry Pi,ECDSA-P256,Classical,Verify,86,0.000025,5372,99%,
Raspberry Pi,RSA-3072,Classical,KeyGen,86,1.379144,5372,99%,
Raspberry Pi,RSA-3072,Classical,Sign,86,0.000278,5372,99%,
Raspberry Pi,RSA-3072,Classical,Verify,86,0.000386,5372,99%,
Raspberry Pi,ECDH-P256,Classical,KeyGen,87,0.002700,5372,99%,
Raspberry Pi,ECDH-P256,Classical,Derivation,87,0.000273,5372,99%,
Raspberry Pi,ECDSA-P256,Classical,Sign,87,0.000547,5372,99%,
Raspberry Pi,ECDSA-P256,Classical,Verify,87,0.000025,5372,99%,
Raspberry Pi,RSA-3072,Classical,KeyGen,87,1.717075,5372,99%,
Raspberry Pi,RSA-3072,Classical,Sign,87,0.000275,5372,99%,
Raspberry Pi,RSA-3072,Classical,Verify,87,0.000386,5372,99%,
Raspberry Pi,ECDH-P256,Classical,KeyGen,88,0.002576,5372,99%,
Raspberry Pi,ECDH-P256,Classical,Derivation,88,0.000273,5372,99%,
Raspberry Pi,ECDSA-P256,Classical,Sign,88,0.000542,5372,99%,
Raspberry Pi,ECDSA-P256,Classical,Verify,88,0.000026,5372,99%,
Raspberry Pi,RSA-3072,Classical,KeyGen,88,5.616290,5372,99%,
Raspberry Pi,RSA-3072,Classical,Sign,88,0.000275,5372,99%,
Raspberry Pi,RSA-3072,Classical,Verify,88,0.000385,5372,99%,
Raspberry Pi,ECDH-P256,Classical,KeyGen,89,0.002531,5368,99%,
Raspberry Pi,ECDH-P256,Classical,Derivation,89,0.000273,5368,99%,
Raspberry Pi,ECDSA-P256,Classical,Sign,89,0.000548,5368,99%,
Raspberry Pi,ECDSA-P256,Classical,Verify,89,0.000025,5368,99%,
Raspberry Pi,RSA-3072,Classical,KeyGen,89,2.245408,5368,99%,
Raspberry Pi,RSA-3072,Classical,Sign,89,0.000278,5368,99%,
Raspberry Pi,RSA-3072,Classical,Verify,89,0.000386,5368,99%,
Raspberry Pi,ECDH-P256,Classical,KeyGen,90,0.002616,5372,99%,
Raspberry Pi,ECDH-P256,Classical,Derivation,90,0.000273,5372,99%,
Raspberry Pi,ECDSA-P256,Classical,Sign,90,0.000536,5372,99%,
Raspberry Pi,ECDSA-P256,Classical,Verify,90,0.000024,5372,99%,
Raspberry Pi,RSA-3072,Classical,KeyGen,90,3.177544,5372,99%,
Raspberry Pi,RSA-3072,Classical,Sign,90,0.000278,5372,99%,
Raspberry Pi,RSA-3072,Classical,Verify,90,0.000385,5372,99%,
Raspberry Pi,ECDH-P256,Classical,KeyGen,91,0.002510,5372,99%,
Raspberry Pi,ECDH-P256,Classical,Derivation,91,0.000273,5372,99%,
Raspberry Pi,ECDSA-P256,Classical,Sign,91,0.000602,5372,99%,
Raspberry Pi,ECDSA-P256,Classical,Verify,91,0.000029,5372,99%,
Raspberry Pi,RSA-3072,Classical,KeyGen,91,4.714121,5372,99%,
Raspberry Pi,RSA-3072,Classical,Sign,91,0.000279,5372,99%,
Raspberry Pi,RSA-3072,Classical,Verify,91,0.000385,5372,99%,
Raspberry Pi,ECDH-P256,Classical,KeyGen,92,0.002511,5356,99%,
Raspberry Pi,ECDH-P256,Classical,Derivation,92,0.000272,5356,99%,
Raspberry Pi,ECDSA-P256,Classical,Sign,92,0.000577,5356,99%,
Raspberry Pi,ECDSA-P256,Classical,Verify,92,0.000025,5356,99%,
Raspberry Pi,RSA-3072,Classical,KeyGen,92,2.802215,5356,99%,
Raspberry Pi,RSA-3072,Classical,Sign,92,0.000281,5356,99%,
Raspberry Pi,RSA-3072,Classical,Verify,92,0.000384,5356,99%,
Raspberry Pi,ECDH-P256,Classical,KeyGen,93,0.002539,5372,99%,
Raspberry Pi,ECDH-P256,Classical,Derivation,93,0.000273,5372,99%,
Raspberry Pi,ECDSA-P256,Classical,Sign,93,0.000611,5372,99%,
Raspberry Pi,ECDSA-P256,Classical,Verify,93,0.000028,5372,99%,
Raspberry Pi,RSA-3072,Classical,KeyGen,93,6.729771,5372,99%,
Raspberry Pi,RSA-3072,Classical,Sign,93,0.000280,5372,99%,
Raspberry Pi,RSA-3072,Classical,Verify,93,0.000387,5372,99%,
Raspberry Pi,ECDH-P256,Classical,KeyGen,94,0.002573,5372,99%,
Raspberry Pi,ECDH-P256,Classical,Derivation,94,0.000273,5372,99%,
Raspberry Pi,ECDSA-P256,Classical,Sign,94,0.000536,5372,99%,
Raspberry Pi,ECDSA-P256,Classical,Verify,94,0.000024,5372,99%,
Raspberry Pi,RSA-3072,Classical,KeyGen,94,1.867994,5372,99%,
Raspberry Pi,RSA-3072,Classical,Sign,94,0.000276,5372,99%,
Raspberry Pi,RSA-3072,Classical,Verify,94,0.000383,5372,99%,
Raspberry Pi,ECDH-P256,Classical,KeyGen,95,0.002573,5372,99%,
Raspberry Pi,ECDH-P256,Classical,Derivation,95,0.000271,5372,99%,
Raspberry Pi,ECDSA-P256,Classical,Sign,95,0.000537,5372,99%,
Raspberry Pi,ECDSA-P256,Classical,Verify,95,0.000024,5372,99%,
Raspberry Pi,RSA-3072,Classical,KeyGen,95,3.887304,5372,99%,
Raspberry Pi,RSA-3072,Classical,Sign,95,0.000276,5372,99%,
Raspberry Pi,RSA-3072,Classical,Verify,95,0.000384,5372,99%,
Raspberry Pi,ECDH-P256,Classical,KeyGen,96,0.002529,5372,99%,
Raspberry Pi,ECDH-P256,Classical,Derivation,96,0.000273,5372,99%,
Raspberry Pi,ECDSA-P256,Classical,Sign,96,0.000537,5372,99%,
Raspberry Pi,ECDSA-P256,Classical,Verify,96,0.000057,5372,99%,
Raspberry Pi,RSA-3072,Classical,KeyGen,96,4.257935,5372,99%,
Raspberry Pi,RSA-3072,Classical,Sign,96,0.000279,5372,99%,
Raspberry Pi,RSA-3072,Classical,Verify,96,0.000385,5372,99%,
Raspberry Pi,ECDH-P256,Classical,KeyGen,97,0.002558,5356,99%,
Raspberry Pi,ECDH-P256,Classical,Derivation,97,0.000272,5356,99%,
Raspberry Pi,ECDSA-P256,Classical,Sign,97,0.000542,5356,99%,
Raspberry Pi,ECDSA-P256,Classical,Verify,97,0.000025,5356,99%,
Raspberry Pi,RSA-3072,Classical,KeyGen,97,3.144269,5356,99%,
Raspberry Pi,RSA-3072,Classical,Sign,97,0.000273,5356,99%,
Raspberry Pi,RSA-3072,Classical,Verify,97,0.000400,5356,99%,
Raspberry Pi,ECDH-P256,Classical,KeyGen,98,0.002477,5372,99%,
Raspberry Pi,ECDH-P256,Classical,Derivation,98,0.000272,5372,99%,
Raspberry Pi,ECDSA-P256,Classical,Sign,98,0.000661,5372,99%,
Raspberry Pi,ECDSA-P256,Classical,Verify,98,0.000029,5372,99%,
Raspberry Pi,RSA-3072,Classical,KeyGen,98,3.930831,5372,99%,
Raspberry Pi,RSA-3072,Classical,Sign,98,0.000281,5372,99%,
Raspberry Pi,RSA-3072,Classical,Verify,98,0.000403,5372,99%,
Raspberry Pi,ECDH-P256,Classical,KeyGen,99,0.002534,5372,99%,
Raspberry Pi,ECDH-P256,Classical,Derivation,99,0.000273,5372,99%,
Raspberry Pi,ECDSA-P256,Classical,Sign,99,0.000556,5372,99%,
Raspberry Pi,ECDSA-P256,Classical,Verify,99,0.000025,5372,99%,
Raspberry Pi,RSA-3072,Classical,KeyGen,99,3.390509,5372,99%,
Raspberry Pi,RSA-3072,Classical,Sign,99,0.000276,5372,99%,
Raspberry Pi,RSA-3072,Classical,Verify,99,0.000404,5372,99%,
Raspberry Pi,ECDH-P256,Classical,KeyGen,100,0.002647,5372,99%,
Raspberry Pi,ECDH-P256,Classical,Derivation,100,0.000273,5372,99%,
Raspberry Pi,ECDSA-P256,Classical,Sign,100,0.000540,5372,99%,
Raspberry Pi,ECDSA-P256,Classical,Verify,100,0.000024,5372,99%,
Raspberry Pi,RSA-3072,Classical,KeyGen,100,3.619591,5372,99%,
Raspberry Pi,RSA-3072,Classical,Sign,100,0.000277,5372,99%,
Raspberry Pi,RSA-3072,Classical,Verify,100,0.000405,5372,99%,
Raspberry Pi,ECDH-P256,Classical,KeyGen,101,0.002517,5372,99%,
Raspberry Pi,ECDH-P256,Classical,Derivation,101,0.000314,5372,99%,
Raspberry Pi,ECDSA-P256,Classical,Sign,101,0.000580,5372,99%,
Raspberry Pi,ECDSA-P256,Classical,Verify,101,0.000028,5372,99%,
Raspberry Pi,RSA-3072,Classical,KeyGen,101,3.483732,5372,99%,
Raspberry Pi,RSA-3072,Classical,Sign,101,0.000280,5372,99%,
Raspberry Pi,RSA-3072,Classical,Verify,101,0.000386,5372,99%,
Raspberry Pi,ECDH-P256,Classical,KeyGen,102,0.002684,5356,99%,
Raspberry Pi,ECDH-P256,Classical,Derivation,102,0.000274,5356,99%,
Raspberry Pi,ECDSA-P256,Classical,Sign,102,0.000607,5356,99%,
Raspberry Pi,ECDSA-P256,Classical,Verify,102,0.000028,5356,99%,
Raspberry Pi,RSA-3072,Classical,KeyGen,102,5.926030,5356,99%,
Raspberry Pi,RSA-3072,Classical,Sign,102,0.000304,5356,99%,
Raspberry Pi,RSA-3072,Classical,Verify,102,0.000388,5356,99%,
Raspberry Pi,ECDH-P256,Classical,KeyGen,103,0.002560,5360,99%,
Raspberry Pi,ECDH-P256,Classical,Derivation,103,0.000272,5360,99%,
Raspberry Pi,ECDSA-P256,Classical,Sign,103,0.000540,5360,99%,
Raspberry Pi,ECDSA-P256,Classical,Verify,103,0.000025,5360,99%,
Raspberry Pi,RSA-3072,Classical,KeyGen,103,3.650238,5360,99%,
Raspberry Pi,RSA-3072,Classical,Sign,103,0.000324,5360,99%,
Raspberry Pi,RSA-3072,Classical,Verify,103,0.000395,5360,99%,
Raspberry Pi,ECDH-P256,Classical,KeyGen,104,0.002769,5372,99%,
Raspberry Pi,ECDH-P256,Classical,Derivation,104,0.000276,5372,99%,
Raspberry Pi,ECDSA-P256,Classical,Sign,104,0.000600,5372,99%,
Raspberry Pi,ECDSA-P256,Classical,Verify,104,0.000036,5372,99%,
Raspberry Pi,RSA-3072,Classical,KeyGen,104,4.339960,5372,99%,
Raspberry Pi,RSA-3072,Classical,Sign,104,0.000304,5372,99%,
Raspberry Pi,RSA-3072,Classical,Verify,104,0.000387,5372,99%,
Raspberry Pi,ECDH-P256,Classical,KeyGen,105,0.003667,5356,99%,
Raspberry Pi,ECDH-P256,Classical,Derivation,105,0.000292,5356,99%,
Raspberry Pi,ECDSA-P256,Classical,Sign,105,0.001008,5356,99%,
Raspberry Pi,ECDSA-P256,Classical,Verify,105,0.000052,5356,99%,
Raspberry Pi,RSA-3072,Classical,KeyGen,105,6.180709,5356,99%,
Raspberry Pi,RSA-3072,Classical,Sign,105,0.000295,5356,99%,
Raspberry Pi,RSA-3072,Classical,Verify,105,0.000387,5356,99%,
Raspberry Pi,ECDH-P256,Classical,KeyGen,106,0.003958,5372,99%,
Raspberry Pi,ECDH-P256,Classical,Derivation,106,0.000281,5372,99%,
Raspberry Pi,ECDSA-P256,Classical,Sign,106,0.000717,5372,99%,
Raspberry Pi,ECDSA-P256,Classical,Verify,106,0.000037,5372,99%,
Raspberry Pi,RSA-3072,Classical,KeyGen,106,3.784018,5372,99%,
Raspberry Pi,RSA-3072,Classical,Sign,106,0.000522,5372,99%,
Raspberry Pi,RSA-3072,Classical,Verify,106,0.000433,5372,99%,
Raspberry Pi,ECDH-P256,Classical,KeyGen,107,0.003057,5372,99%,
Raspberry Pi,ECDH-P256,Classical,Derivation,107,0.000278,5372,99%,
Raspberry Pi,ECDSA-P256,Classical,Sign,107,0.000659,5372,99%,
Raspberry Pi,ECDSA-P256,Classical,Verify,107,0.000044,5372,99%,
Raspberry Pi,RSA-3072,Classical,KeyGen,107,2.169249,5372,99%,
Raspberry Pi,RSA-3072,Classical,Sign,107,0.000305,5372,99%,
Raspberry Pi,RSA-3072,Classical,Verify,107,0.000389,5372,99%,
Raspberry Pi,ECDH-P256,Classical,KeyGen,108,0.002516,5372,99%,
Raspberry Pi,ECDH-P256,Classical,Derivation,108,0.000473,5372,99%,
Raspberry Pi,ECDSA-P256,Classical,Sign,108,0.000860,5372,99%,
Raspberry Pi,ECDSA-P256,Classical,Verify,108,0.000065,5372,99%,
Raspberry Pi,RSA-3072,Classical,KeyGen,108,5.172280,5372,99%,
Raspberry Pi,RSA-3072,Classical,Sign,108,0.000305,5372,99%,
Raspberry Pi,RSA-3072,Classical,Verify,108,0.000387,5372,99%,
Raspberry Pi,ECDH-P256,Classical,KeyGen,109,0.004166,5372,99%,
Raspberry Pi,ECDH-P256,Classical,Derivation,109,0.000280,5372,99%,
Raspberry Pi,ECDSA-P256,Classical,Sign,109,0.000710,5372,99%,
Raspberry Pi,ECDSA-P256,Classical,Verify,109,0.000044,5372,99%,
Raspberry Pi,RSA-3072,Classical,KeyGen,109,2.123078,5372,99%,
Raspberry Pi,RSA-3072,Classical,Sign,109,0.000302,5372,99%,
Raspberry Pi,RSA-3072,Classical,Verify,109,0.000386,5372,99%,
Raspberry Pi,ECDH-P256,Classical,KeyGen,110,0.003357,5356,99%,
Raspberry Pi,ECDH-P256,Classical,Derivation,110,0.000277,5356,99%,
Raspberry Pi,ECDSA-P256,Classical,Sign,110,0.000693,5356,99%,
Raspberry Pi,ECDSA-P256,Classical,Verify,110,0.000031,5356,99%,
Raspberry Pi,RSA-3072,Classical,KeyGen,110,10.927192,5356,99%,
Raspberry Pi,RSA-3072,Classical,Sign,110,0.000297,5356,99%,
Raspberry Pi,RSA-3072,Classical,Verify,110,0.000386,5356,99%,
Raspberry Pi,ECDH-P256,Classical,KeyGen,111,0.002534,5372,99%,
Raspberry Pi,ECDH-P256,Classical,Derivation,111,0.000396,5372,99%,
Raspberry Pi,ECDSA-P256,Classical,Sign,111,0.000580,5372,99%,
Raspberry Pi,ECDSA-P256,Classical,Verify,111,0.000027,5372,99%,
Raspberry Pi,RSA-3072,Classical,KeyGen,111,2.190534,5372,99%,
Raspberry Pi,RSA-3072,Classical,Sign,111,0.000275,5372,99%,
Raspberry Pi,RSA-3072,Classical,Verify,111,0.000407,5372,99%,
Raspberry Pi,ECDH-P256,Classical,KeyGen,112,0.002499,5368,99%,
Raspberry Pi,ECDH-P256,Classical,Derivation,112,0.000272,5368,99%,
Raspberry Pi,ECDSA-P256,Classical,Sign,112,0.000647,5368,99%,
Raspberry Pi,ECDSA-P256,Classical,Verify,112,0.000027,5368,99%,
Raspberry Pi,RSA-3072,Classical,KeyGen,112,1.528527,5368,99%,
Raspberry Pi,RSA-3072,Classical,Sign,112,0.000302,5368,99%,
Raspberry Pi,RSA-3072,Classical,Verify,112,0.000387,5368,99%,
Raspberry Pi,ECDH-P256,Classical,KeyGen,113,0.002667,5372,99%,
Raspberry Pi,ECDH-P256,Classical,Derivation,113,0.000272,5372,99%,
Raspberry Pi,ECDSA-P256,Classical,Sign,113,0.000543,5372,99%,
Raspberry Pi,ECDSA-P256,Classical,Verify,113,0.000025,5372,99%,
Raspberry Pi,RSA-3072,Classical,KeyGen,113,4.408723,5372,99%,
Raspberry Pi,RSA-3072,Classical,Sign,113,0.000293,5372,99%,
Raspberry Pi,RSA-3072,Classical,Verify,113,0.000385,5372,99%,
Raspberry Pi,ECDH-P256,Classical,KeyGen,114,0.002641,5372,99%,
Raspberry Pi,ECDH-P256,Classical,Derivation,114,0.000272,5372,99%,
Raspberry Pi,ECDSA-P256,Classical,Sign,114,0.000544,5372,99%,
Raspberry Pi,ECDSA-P256,Classical,Verify,114,0.000025,5372,99%,
Raspberry Pi,RSA-3072,Classical,KeyGen,114,1.651430,5372,99%,
Raspberry Pi,RSA-3072,Classical,Sign,114,0.000291,5372,99%,
Raspberry Pi,RSA-3072,Classical,Verify,114,0.000386,5372,99%,
Raspberry Pi,ECDH-P256,Classical,KeyGen,115,0.002553,5372,99%,
Raspberry Pi,ECDH-P256,Classical,Derivation,115,0.000272,5372,99%,
Raspberry Pi,ECDSA-P256,Classical,Sign,115,0.000532,5372,99%,
Raspberry Pi,ECDSA-P256,Classical,Verify,115,0.000028,5372,99%,
Raspberry Pi,RSA-3072,Classical,KeyGen,115,4.295660,5372,99%,
Raspberry Pi,RSA-3072,Classical,Sign,115,0.000281,5372,99%,
Raspberry Pi,RSA-3072,Classical,Verify,115,0.000401,5372,99%,
Raspberry Pi,ECDH-P256,Classical,KeyGen,116,0.002671,5356,99%,
Raspberry Pi,ECDH-P256,Classical,Derivation,116,0.000273,5356,99%,
Raspberry Pi,ECDSA-P256,Classical,Sign,116,0.000541,5356,99%,
Raspberry Pi,ECDSA-P256,Classical,Verify,116,0.000025,5356,99%,
Raspberry Pi,RSA-3072,Classical,KeyGen,116,6.127291,5356,99%,
Raspberry Pi,RSA-3072,Classical,Sign,116,0.000302,5356,99%,
Raspberry Pi,RSA-3072,Classical,Verify,116,0.000386,5356,99%,
Raspberry Pi,ECDH-P256,Classical,KeyGen,117,0.002603,5372,99%,
Raspberry Pi,ECDH-P256,Classical,Derivation,117,0.000273,5372,99%,
Raspberry Pi,ECDSA-P256,Classical,Sign,117,0.000539,5372,99%,
Raspberry Pi,ECDSA-P256,Classical,Verify,117,0.000024,5372,99%,
Raspberry Pi,RSA-3072,Classical,KeyGen,117,5.129633,5372,99%,
Raspberry Pi,RSA-3072,Classical,Sign,117,0.000303,5372,99%,
Raspberry Pi,RSA-3072,Classical,Verify,117,0.000386,5372,99%,
Raspberry Pi,ECDH-P256,Classical,KeyGen,118,0.002586,5372,99%,
Raspberry Pi,ECDH-P256,Classical,Derivation,118,0.000272,5372,99%,
Raspberry Pi,ECDSA-P256,Classical,Sign,118,0.000540,5372,99%,
Raspberry Pi,ECDSA-P256,Classical,Verify,118,0.000025,5372,99%,
Raspberry Pi,RSA-3072,Classical,KeyGen,118,3.736587,5372,99%,
Raspberry Pi,RSA-3072,Classical,Sign,118,0.000280,5372,99%,
Raspberry Pi,RSA-3072,Classical,Verify,118,0.000389,5372,99%,
Raspberry Pi,ECDH-P256,Classical,KeyGen,119,0.002566,5372,99%,
Raspberry Pi,ECDH-P256,Classical,Derivation,119,0.000272,5372,99%,
Raspberry Pi,ECDSA-P256,Classical,Sign,119,0.000536,5372,99%,
Raspberry Pi,ECDSA-P256,Classical,Verify,119,0.000024,5372,99%,
Raspberry Pi,RSA-3072,Classical,KeyGen,119,11.303276,5372,99%,
Raspberry Pi,RSA-3072,Classical,Sign,119,0.000276,5372,99%,
Raspberry Pi,RSA-3072,Classical,Verify,119,0.000385,5372,99%,
Raspberry Pi,ECDH-P256,Classical,KeyGen,120,0.002553,5372,99%,
Raspberry Pi,ECDH-P256,Classical,Derivation,120,0.000273,5372,99%,
Raspberry Pi,ECDSA-P256,Classical,Sign,120,0.000540,5372,99%,
Raspberry Pi,ECDSA-P256,Classical,Verify,120,0.000025,5372,99%,
Raspberry Pi,RSA-3072,Classical,KeyGen,120,2.596209,5372,99%,
Raspberry Pi,RSA-3072,Classical,Sign,120,0.000281,5372,99%,
Raspberry Pi,RSA-3072,Classical,Verify,120,0.000385,5372,99%,
Raspberry Pi,ECDH-P256,Classical,KeyGen,121,0.002559,5372,99%,
Raspberry Pi,ECDH-P256,Classical,Derivation,121,0.000271,5372,99%,
Raspberry Pi,ECDSA-P256,Classical,Sign,121,0.000556,5372,99%,
Raspberry Pi,ECDSA-P256,Classical,Verify,121,0.000025,5372,99%,
Raspberry Pi,RSA-3072,Classical,KeyGen,121,7.521238,5372,99%,
Raspberry Pi,RSA-3072,Classical,Sign,121,0.000274,5372,99%,
Raspberry Pi,RSA-3072,Classical,Verify,121,0.000385,5372,99%,
Raspberry Pi,ECDH-P256,Classical,KeyGen,122,0.002573,5372,99%,
Raspberry Pi,ECDH-P256,Classical,Derivation,122,0.000272,5372,99%,
Raspberry Pi,ECDSA-P256,Classical,Sign,122,0.000542,5372,99%,
Raspberry Pi,ECDSA-P256,Classical,Verify,122,0.000024,5372,99%,
Raspberry Pi,RSA-3072,Classical,KeyGen,122,3.268174,5372,99%,
Raspberry Pi,RSA-3072,Classical,Sign,122,0.000275,5372,99%,
Raspberry Pi,RSA-3072,Classical,Verify,122,0.000384,5372,99%,
Raspberry Pi,ECDH-P256,Classical,KeyGen,123,0.002573,5372,99%,
Raspberry Pi,ECDH-P256,Classical,Derivation,123,0.000272,5372,99%,
Raspberry Pi,ECDSA-P256,Classical,Sign,123,0.000535,5372,99%,
Raspberry Pi,ECDSA-P256,Classical,Verify,123,0.000025,5372,99%,
Raspberry Pi,RSA-3072,Classical,KeyGen,123,3.676972,5372,99%,
Raspberry Pi,RSA-3072,Classical,Sign,123,0.000368,5372,99%,
Raspberry Pi,RSA-3072,Classical,Verify,123,0.000392,5372,99%,
Raspberry Pi,ECDH-P256,Classical,KeyGen,124,0.002771,5372,99%,
Raspberry Pi,ECDH-P256,Classical,Derivation,124,0.000272,5372,99%,
Raspberry Pi,ECDSA-P256,Classical,Sign,124,0.000546,5372,99%,
Raspberry Pi,ECDSA-P256,Classical,Verify,124,0.000026,5372,99%,
Raspberry Pi,RSA-3072,Classical,KeyGen,124,4.930249,5372,99%,
Raspberry Pi,RSA-3072,Classical,Sign,124,0.000284,5372,99%,
Raspberry Pi,RSA-3072,Classical,Verify,124,0.000386,5372,99%,
Raspberry Pi,ECDH-P256,Classical,KeyGen,125,0.002683,5372,99%,
Raspberry Pi,ECDH-P256,Classical,Derivation,125,0.000271,5372,99%,
Raspberry Pi,ECDSA-P256,Classical,Sign,125,0.000544,5372,99%,
Raspberry Pi,ECDSA-P256,Classical,Verify,125,0.000025,5372,99%,
Raspberry Pi,RSA-3072,Classical,KeyGen,125,5.428044,5372,99%,
Raspberry Pi,RSA-3072,Classical,Sign,125,0.000278,5372,99%,
Raspberry Pi,RSA-3072,Classical,Verify,125,0.000401,5372,99%,
Raspberry Pi,ECDH-P256,Classical,KeyGen,126,0.002596,5372,99%,
Raspberry Pi,ECDH-P256,Classical,Derivation,126,0.000273,5372,99%,
Raspberry Pi,ECDSA-P256,Classical,Sign,126,0.000677,5372,99%,
Raspberry Pi,ECDSA-P256,Classical,Verify,126,0.000033,5372,99%,
Raspberry Pi,RSA-3072,Classical,KeyGen,126,2.610122,5372,99%,
Raspberry Pi,RSA-3072,Classical,Sign,126,0.000278,5372,99%,
Raspberry Pi,RSA-3072,Classical,Verify,126,0.000387,5372,99%,
Raspberry Pi,ECDH-P256,Classical,KeyGen,127,0.002615,5372,99%,
Raspberry Pi,ECDH-P256,Classical,Derivation,127,0.000272,5372,99%,
Raspberry Pi,ECDSA-P256,Classical,Sign,127,0.000535,5372,99%,
Raspberry Pi,ECDSA-P256,Classical,Verify,127,0.000025,5372,99%,
Raspberry Pi,RSA-3072,Classical,KeyGen,127,2.367394,5372,99%,
Raspberry Pi,RSA-3072,Classical,Sign,127,0.000274,5372,99%,
Raspberry Pi,RSA-3072,Classical,Verify,127,0.000385,5372,99%,
Raspberry Pi,ECDH-P256,Classical,KeyGen,128,0.002573,5372,99%,
Raspberry Pi,ECDH-P256,Classical,Derivation,128,0.000272,5372,99%,
Raspberry Pi,ECDSA-P256,Classical,Sign,128,0.000541,5372,99%,
Raspberry Pi,ECDSA-P256,Classical,Verify,128,0.000025,5372,99%,
Raspberry Pi,RSA-3072,Classical,KeyGen,128,4.269696,5372,99%,
Raspberry Pi,RSA-3072,Classical,Sign,128,0.000273,5372,99%,
Raspberry Pi,RSA-3072,Classical,Verify,128,0.000385,5372,99%,
Raspberry Pi,ECDH-P256,Classical,KeyGen,129,0.002568,5372,99%,
Raspberry Pi,ECDH-P256,Classical,Derivation,129,0.000272,5372,99%,
Raspberry Pi,ECDSA-P256,Classical,Sign,129,0.000539,5372,99%,
Raspberry Pi,ECDSA-P256,Classical,Verify,129,0.000025,5372,99%,
Raspberry Pi,RSA-3072,Classical,KeyGen,129,3.581362,5372,99%,
Raspberry Pi,RSA-3072,Classical,Sign,129,0.000298,5372,99%,
Raspberry Pi,RSA-3072,Classical,Verify,129,0.000385,5372,99%,
Raspberry Pi,ECDH-P256,Classical,KeyGen,130,0.002528,5372,99%,
Raspberry Pi,ECDH-P256,Classical,Derivation,130,0.000273,5372,99%,
Raspberry Pi,ECDSA-P256,Classical,Sign,130,0.000539,5372,99%,
Raspberry Pi,ECDSA-P256,Classical,Verify,130,0.000024,5372,99%,
Raspberry Pi,RSA-3072,Classical,KeyGen,130,2.857554,5372,99%,
Raspberry Pi,RSA-3072,Classical,Sign,130,0.000286,5372,99%,
Raspberry Pi,RSA-3072,Classical,Verify,130,0.000385,5372,99%,
Raspberry Pi,ECDH-P256,Classical,KeyGen,131,0.002503,5368,99%,
Raspberry Pi,ECDH-P256,Classical,Derivation,131,0.000273,5368,99%,
Raspberry Pi,ECDSA-P256,Classical,Sign,131,0.000540,5368,99%,
Raspberry Pi,ECDSA-P256,Classical,Verify,131,0.000025,5368,99%,
Raspberry Pi,RSA-3072,Classical,KeyGen,131,5.488606,5368,99%,
Raspberry Pi,RSA-3072,Classical,Sign,131,0.000277,5368,99%,
Raspberry Pi,RSA-3072,Classical,Verify,131,0.000385,5368,99%,
Raspberry Pi,ECDH-P256,Classical,KeyGen,132,0.002512,5372,99%,
Raspberry Pi,ECDH-P256,Classical,Derivation,132,0.000272,5372,99%,
Raspberry Pi,ECDSA-P256,Classical,Sign,132,0.000551,5372,99%,
Raspberry Pi,ECDSA-P256,Classical,Verify,132,0.000024,5372,99%,
Raspberry Pi,RSA-3072,Classical,KeyGen,132,7.740103,5372,99%,
Raspberry Pi,RSA-3072,Classical,Sign,132,0.000281,5372,99%,
Raspberry Pi,RSA-3072,Classical,Verify,132,0.000384,5372,99%,
Raspberry Pi,ECDH-P256,Classical,KeyGen,133,0.002563,5356,99%,
Raspberry Pi,ECDH-P256,Classical,Derivation,133,0.000273,5356,99%,
Raspberry Pi,ECDSA-P256,Classical,Sign,133,0.000539,5356,99%,
Raspberry Pi,ECDSA-P256,Classical,Verify,133,0.000025,5356,99%,
Raspberry Pi,RSA-3072,Classical,KeyGen,133,2.103128,5356,99%,
Raspberry Pi,RSA-3072,Classical,Sign,133,0.000278,5356,99%,
Raspberry Pi,RSA-3072,Classical,Verify,133,0.000385,5356,99%,
Raspberry Pi,ECDH-P256,Classical,KeyGen,134,0.002604,5372,99%,
Raspberry Pi,ECDH-P256,Classical,Derivation,134,0.000273,5372,99%,
Raspberry Pi,ECDSA-P256,Classical,Sign,134,0.000558,5372,99%,
Raspberry Pi,ECDSA-P256,Classical,Verify,134,0.000025,5372,99%,
Raspberry Pi,RSA-3072,Classical,KeyGen,134,1.580576,5372,99%,
Raspberry Pi,RSA-3072,Classical,Sign,134,0.000293,5372,99%,
Raspberry Pi,RSA-3072,Classical,Verify,134,0.000385,5372,99%,
Raspberry Pi,ECDH-P256,Classical,KeyGen,135,0.002558,5372,99%,
Raspberry Pi,ECDH-P256,Classical,Derivation,135,0.000272,5372,99%,
Raspberry Pi,ECDSA-P256,Classical,Sign,135,0.000535,5372,99%,
Raspberry Pi,ECDSA-P256,Classical,Verify,135,0.000024,5372,99%,
Raspberry Pi,RSA-3072,Classical,KeyGen,135,3.053394,5372,99%,
Raspberry Pi,RSA-3072,Classical,Sign,135,0.000325,5372,99%,
Raspberry Pi,RSA-3072,Classical,Verify,135,0.000404,5372,99%,
Raspberry Pi,ECDH-P256,Classical,KeyGen,136,0.002610,5364,99%,
Raspberry Pi,ECDH-P256,Classical,Derivation,136,0.000272,5364,99%,
Raspberry Pi,ECDSA-P256,Classical,Sign,136,0.000541,5364,99%,
Raspberry Pi,ECDSA-P256,Classical,Verify,136,0.000025,5364,99%,
Raspberry Pi,RSA-3072,Classical,KeyGen,136,3.710858,5364,99%,
Raspberry Pi,RSA-3072,Classical,Sign,136,0.000280,5364,99%,
Raspberry Pi,RSA-3072,Classical,Verify,136,0.000385,5364,99%,
Raspberry Pi,ECDH-P256,Classical,KeyGen,137,0.002524,5372,99%,
Raspberry Pi,ECDH-P256,Classical,Derivation,137,0.000273,5372,99%,
Raspberry Pi,ECDSA-P256,Classical,Sign,137,0.000533,5372,99%,
Raspberry Pi,ECDSA-P256,Classical,Verify,137,0.000025,5372,99%,
Raspberry Pi,RSA-3072,Classical,KeyGen,137,3.000231,5372,99%,
Raspberry Pi,RSA-3072,Classical,Sign,137,0.000294,5372,99%,
Raspberry Pi,RSA-3072,Classical,Verify,137,0.000386,5372,99%,
Raspberry Pi,ECDH-P256,Classical,KeyGen,138,0.002558,5372,99%,
Raspberry Pi,ECDH-P256,Classical,Derivation,138,0.000273,5372,99%,
Raspberry Pi,ECDSA-P256,Classical,Sign,138,0.000537,5372,99%,
Raspberry Pi,ECDSA-P256,Classical,Verify,138,0.000025,5372,99%,
Raspberry Pi,RSA-3072,Classical,KeyGen,138,3.870668,5372,99%,
Raspberry Pi,RSA-3072,Classical,Sign,138,0.000276,5372,99%,
Raspberry Pi,RSA-3072,Classical,Verify,138,0.000386,5372,99%,
Raspberry Pi,ECDH-P256,Classical,KeyGen,139,0.002553,5356,99%,
Raspberry Pi,ECDH-P256,Classical,Derivation,139,0.000273,5356,99%,
Raspberry Pi,ECDSA-P256,Classical,Sign,139,0.000538,5356,99%,
Raspberry Pi,ECDSA-P256,Classical,Verify,139,0.000025,5356,99%,
Raspberry Pi,RSA-3072,Classical,KeyGen,139,1.927207,5356,99%,
Raspberry Pi,RSA-3072,Classical,Sign,139,0.000276,5356,99%,
Raspberry Pi,RSA-3072,Classical,Verify,139,0.000385,5356,99%,
Raspberry Pi,ECDH-P256,Classical,KeyGen,140,0.002572,5372,99%,
Raspberry Pi,ECDH-P256,Classical,Derivation,140,0.000272,5372,99%,
Raspberry Pi,ECDSA-P256,Classical,Sign,140,0.000541,5372,99%,
Raspberry Pi,ECDSA-P256,Classical,Verify,140,0.000024,5372,99%,
Raspberry Pi,RSA-3072,Classical,KeyGen,140,1.902364,5372,99%,
Raspberry Pi,RSA-3072,Classical,Sign,140,0.000275,5372,99%,
Raspberry Pi,RSA-3072,Classical,Verify,140,0.000384,5372,99%,
Raspberry Pi,ECDH-P256,Classical,KeyGen,141,0.002549,5372,99%,
Raspberry Pi,ECDH-P256,Classical,Derivation,141,0.000272,5372,99%,
Raspberry Pi,ECDSA-P256,Classical,Sign,141,0.000540,5372,99%,
Raspberry Pi,ECDSA-P256,Classical,Verify,141,0.000025,5372,99%,
Raspberry Pi,RSA-3072,Classical,KeyGen,141,4.437314,5372,99%,
Raspberry Pi,RSA-3072,Classical,Sign,141,0.000289,5372,99%,
Raspberry Pi,RSA-3072,Classical,Verify,141,0.000387,5372,99%,
Raspberry Pi,ECDH-P256,Classical,KeyGen,142,0.002622,5368,99%,
Raspberry Pi,ECDH-P256,Classical,Derivation,142,0.000272,5368,99%,
Raspberry Pi,ECDSA-P256,Classical,Sign,142,0.000534,5368,99%,
Raspberry Pi,ECDSA-P256,Classical,Verify,142,0.000025,5368,99%,
Raspberry Pi,RSA-3072,Classical,KeyGen,142,5.427131,5368,99%,
Raspberry Pi,RSA-3072,Classical,Sign,142,0.000282,5368,99%,
Raspberry Pi,RSA-3072,Classical,Verify,142,0.000385,5368,99%,
Raspberry Pi,ECDH-P256,Classical,KeyGen,143,0.002605,5372,99%,
Raspberry Pi,ECDH-P256,Classical,Derivation,143,0.000272,5372,99%,
Raspberry Pi,ECDSA-P256,Classical,Sign,143,0.000541,5372,99%,
Raspberry Pi,ECDSA-P256,Classical,Verify,143,0.000024,5372,99%,
Raspberry Pi,RSA-3072,Classical,KeyGen,143,4.185588,5372,99%,
Raspberry Pi,RSA-3072,Classical,Sign,143,0.000288,5372,99%,
Raspberry Pi,RSA-3072,Classical,Verify,143,0.000385,5372,99%,
Raspberry Pi,ECDH-P256,Classical,KeyGen,144,0.002582,5356,99%,
Raspberry Pi,ECDH-P256,Classical,Derivation,144,0.000273,5356,99%,
Raspberry Pi,ECDSA-P256,Classical,Sign,144,0.000541,5356,99%,
Raspberry Pi,ECDSA-P256,Classical,Verify,144,0.000026,5356,99%,
Raspberry Pi,RSA-3072,Classical,KeyGen,144,3.283468,5356,99%,
Raspberry Pi,RSA-3072,Classical,Sign,144,0.000291,5356,99%,
Raspberry Pi,RSA-3072,Classical,Verify,144,0.000389,5356,99%,
Raspberry Pi,ECDH-P256,Classical,KeyGen,145,0.002588,5368,99%,
Raspberry Pi,ECDH-P256,Classical,Derivation,145,0.000272,5368,99%,
Raspberry Pi,ECDSA-P256,Classical,Sign,145,0.000631,5368,99%,
Raspberry Pi,ECDSA-P256,Classical,Verify,145,0.000028,5368,99%,
Raspberry Pi,RSA-3072,Classical,KeyGen,145,10.777660,5368,99%,
Raspberry Pi,RSA-3072,Classical,Sign,145,0.000283,5368,99%,
Raspberry Pi,RSA-3072,Classical,Verify,145,0.000386,5368,99%,
Raspberry Pi,ECDH-P256,Classical,KeyGen,146,0.002558,5372,99%,
Raspberry Pi,ECDH-P256,Classical,Derivation,146,0.000272,5372,99%,
Raspberry Pi,ECDSA-P256,Classical,Sign,146,0.000539,5372,99%,
Raspberry Pi,ECDSA-P256,Classical,Verify,146,0.000025,5372,99%,
Raspberry Pi,RSA-3072,Classical,KeyGen,146,3.594649,5372,99%,
Raspberry Pi,RSA-3072,Classical,Sign,146,0.000304,5372,99%,
Raspberry Pi,RSA-3072,Classical,Verify,146,0.000386,5372,99%,
Raspberry Pi,ECDH-P256,Classical,KeyGen,147,0.002524,5356,99%,
Raspberry Pi,ECDH-P256,Classical,Derivation,147,0.000272,5356,99%,
Raspberry Pi,ECDSA-P256,Classical,Sign,147,0.000665,5356,99%,
Raspberry Pi,ECDSA-P256,Classical,Verify,147,0.000027,5356,99%,
Raspberry Pi,RSA-3072,Classical,KeyGen,147,6.460614,5356,99%,
Raspberry Pi,RSA-3072,Classical,Sign,147,0.000276,5356,99%,
Raspberry Pi,RSA-3072,Classical,Verify,147,0.000385,5356,99%,
Raspberry Pi,ECDH-P256,Classical,KeyGen,148,0.002552,5372,99%,
Raspberry Pi,ECDH-P256,Classical,Derivation,148,0.000271,5372,99%,
Raspberry Pi,ECDSA-P256,Classical,Sign,148,0.000536,5372,99%,
Raspberry Pi,ECDSA-P256,Classical,Verify,148,0.000025,5372,99%,
Raspberry Pi,RSA-3072,Classical,KeyGen,148,2.090643,5372,99%,
Raspberry Pi,RSA-3072,Classical,Sign,148,0.000276,5372,99%,
Raspberry Pi,RSA-3072,Classical,Verify,148,0.000385,5372,99%,
Raspberry Pi,ECDH-P256,Classical,KeyGen,149,0.002499,5372,99%,
Raspberry Pi,ECDH-P256,Classical,Derivation,149,0.000274,5372,99%,
Raspberry Pi,ECDSA-P256,Classical,Sign,149,0.000550,5372,99%,
Raspberry Pi,ECDSA-P256,Classical,Verify,149,0.000025,5372,99%,
Raspberry Pi,RSA-3072,Classical,KeyGen,149,4.731838,5372,99%,
Raspberry Pi,RSA-3072,Classical,Sign,149,0.000289,5372,99%,
Raspberry Pi,RSA-3072,Classical,Verify,149,0.000386,5372,99%,
Raspberry Pi,ECDH-P256,Classical,KeyGen,150,0.002690,5372,99%,
Raspberry Pi,ECDH-P256,Classical,Derivation,150,0.000273,5372,99%,
Raspberry Pi,ECDSA-P256,Classical,Sign,150,0.000538,5372,99%,
Raspberry Pi,ECDSA-P256,Classical,Verify,150,0.000024,5372,99%,
Raspberry Pi,RSA-3072,Classical,KeyGen,150,2.490686,5372,99%,
Raspberry Pi,RSA-3072,Classical,Sign,150,0.000294,5372,99%,
Raspberry Pi,RSA-3072,Classical,Verify,150,0.000386,5372,99%,
Raspberry Pi,ECDH-P256,Classical,KeyGen,151,0.002516,5356,99%,
Raspberry Pi,ECDH-P256,Classical,Derivation,151,0.000273,5356,99%,
Raspberry Pi,ECDSA-P256,Classical,Sign,151,0.000615,5356,99%,
Raspberry Pi,ECDSA-P256,Classical,Verify,151,0.000031,5356,99%,
Raspberry Pi,RSA-3072,Classical,KeyGen,151,2.917154,5356,99%,
Raspberry Pi,RSA-3072,Classical,Sign,151,0.000304,5356,99%,
Raspberry Pi,RSA-3072,Classical,Verify,151,0.000388,5356,99%,
Raspberry Pi,ECDH-P256,Classical,KeyGen,152,0.002607,5372,99%,
Raspberry Pi,ECDH-P256,Classical,Derivation,152,0.000303,5372,99%,
Raspberry Pi,ECDSA-P256,Classical,Sign,152,0.000546,5372,99%,
Raspberry Pi,ECDSA-P256,Classical,Verify,152,0.000025,5372,99%,
Raspberry Pi,RSA-3072,Classical,KeyGen,152,8.451672,5372,99%,
Raspberry Pi,RSA-3072,Classical,Sign,152,0.000301,5372,99%,
Raspberry Pi,RSA-3072,Classical,Verify,152,0.000388,5372,99%,
Raspberry Pi,ECDH-P256,Classical,KeyGen,153,0.002601,5372,99%,
Raspberry Pi,ECDH-P256,Classical,Derivation,153,0.000272,5372,99%,
Raspberry Pi,ECDSA-P256,Classical,Sign,153,0.000535,5372,99%,
Raspberry Pi,ECDSA-P256,Classical,Verify,153,0.000025,5372,99%,
Raspberry Pi,RSA-3072,Classical,KeyGen,153,3.050173,5372,99%,
Raspberry Pi,RSA-3072,Classical,Sign,153,0.000279,5372,99%,
Raspberry Pi,RSA-3072,Classical,Verify,153,0.000383,5372,99%,
